Dataset,Repeat,Fold,Method,Minority_Raw_Label,Train_N,Test_N,AUC_PR,MCC,G_Mean,Sensitivity,Fit_ms,Predict_ms,Neighbour_Count,Mean_Support,Majority_Support,Minority_Support,Majority_Mass,Minority_Mass
Z-Alizadeh Sani,1,1,XGB,0,242,61,0.9121860996558229,0.7099384142237222,0.844136745391282,0.7647058823529411,81.86927599990668,1.6623450001134188,,,,,,
Z-Alizadeh Sani,1,1,Class-XGB,0,242,61,0.9280731268586395,0.7662481908120029,0.8956221510397981,0.8823529411764706,57.043147000058525,1.59226599998874,,,,,,
Z-Alizadeh Sani,1,1,SPW-XGB,0,242,61,0.9210404656649204,0.7553475935828877,0.8760020999657392,0.8235294117647058,80.71219899989046,1.8261570000959182,,,,,,
Z-Alizadeh Sani,1,1,Weighted-XGB,0,242,61,0.910108827891791,0.7099384142237222,0.844136745391282,0.7647058823529411,107.14346000008845,1.709708000134924,,,,,,
Z-Alizadeh Sani,1,1,CB-XGB,0,242,61,0.9152756532910422,0.7041467889960792,0.8208512602438095,0.7058823529411765,76.3644529999965,1.6726989999824582,,,,,,
Z-Alizadeh Sani,1,1,CMPSW,0,242,61,0.927650250556825,0.7662481908120029,0.8956221510397981,0.8823529411764706,58.21532599998136,1.7291609999574575,16.0,0.6482438016528925,0.7303779069767442,0.44642857142857145,121.0,121.00000000000001
Z-Alizadeh Sani,1,2,XGB,0,242,61,0.9325892579702585,0.6744538735617478,0.7725925347854466,0.6111111111111112,551.6925540000557,3.1587630001013167,,,,,,
Z-Alizadeh Sani,1,2,Class-XGB,0,242,61,0.9366978825977426,0.8399062486134677,0.9021937088963173,0.8333333333333334,57.62101599998459,1.6786520000096061,,,,,,
Z-Alizadeh Sani,1,2,SPW-XGB,0,242,61,0.9379422060472113,0.8399062486134677,0.9021937088963173,0.8333333333333334,58.4336169999915,1.6814900000099442,,,,,,
Z-Alizadeh Sani,1,2,Weighted-XGB,0,242,61,0.92260345888953,0.8805489903125961,0.9317816558956105,0.8888888888888888,59.42428399998789,1.6839840000102413,,,,,,
Z-Alizadeh Sani,1,2,CB-XGB,0,242,61,0.9342695394281162,0.7991307114730347,0.8716019289105664,0.7777777777777778,62.07557699985955,1.7184329999508918,,,,,,
Z-Alizadeh Sani,1,2,CMPSW,0,242,61,0.9398515377811044,0.8399062486134677,0.9021937088963173,0.8333333333333334,60.894584999914514,1.7466849999436818,16.0,0.6474690082644629,0.7225433526011561,0.4592391304347826,121.0,121.00000000000001
Z-Alizadeh Sani,1,3,XGB,0,242,61,0.7434051378427023,0.5871250305889746,0.7539731110566096,0.6111111111111112,58.012848000089434,1.7088649999550398,,,,,,
Z-Alizadeh Sani,1,3,Class-XGB,0,242,61,0.7820637574284978,0.5435136928393811,0.777593185920953,0.7222222222222222,56.213995000007344,1.6982720001124108,,,,,,
Z-Alizadeh Sani,1,3,SPW-XGB,0,242,61,0.7479540745651111,0.5738582318445408,0.7883191158558649,0.7222222222222222,62.778479000144216,6.054104999975607,,,,,,
Z-Alizadeh Sani,1,3,Weighted-XGB,0,242,61,0.7556781516732843,0.672601467023169,0.7972822052000673,0.6666666666666666,92.0040070000141,1.6746950000197103,,,,,,
Z-Alizadeh Sani,1,3,CB-XGB,0,242,61,0.769964764628504,0.5435136928393811,0.777593185920953,0.7222222222222222,58.158787000138545,1.7204829998718196,,,,,,
Z-Alizadeh Sani,1,3,CMPSW,0,242,61,0.753061634908793,0.6764795144334947,0.8196551868456622,0.7222222222222222,70.27478100008011,1.7263079998883768,16.0,0.6601239669421488,0.7442196531791907,0.4492753623188406,121.00000000000003,120.99999999999999
Z-Alizadeh Sani,1,4,XGB,0,243,60,0.8728568274077526,0.732292093352318,0.8830366707956722,0.8823529411764706,59.045283999921594,1.7570830000295246,,,,,,
Z-Alizadeh Sani,1,4,Class-XGB,0,243,60,0.880177352151551,0.7017770964047549,0.8713403044325397,0.8823529411764706,72.51744099994539,4.371655000113606,,,,,,
Z-Alizadeh Sani,1,4,SPW-XGB,0,243,60,0.880177352151551,0.7017770964047549,0.8713403044325397,0.8823529411764706,60.104399000010744,1.6444800000954274,,,,,,
Z-Alizadeh Sani,1,4,Weighted-XGB,0,243,60,0.87863072077696,0.7017770964047549,0.8713403044325397,0.8823529411764706,58.53237399992395,1.659588999928019,,,,,,
Z-Alizadeh Sani,1,4,CB-XGB,0,243,60,0.8746785351118134,0.732292093352318,0.8830366707956722,0.8823529411764706,62.010198000052696,1.6523230001439515,,,,,,
Z-Alizadeh Sani,1,4,CMPSW,0,243,60,0.8879228249225992,0.732292093352318,0.8830366707956722,0.8823529411764706,100.45394300004773,1.6360600000098202,16.0,0.6432613168724279,0.7283236994219653,0.4330357142857143,121.5,121.5
Z-Alizadeh Sani,1,5,XGB,0,243,60,0.6195866984785696,0.3875435118834539,0.6448788049320706,0.47058823529411764,58.94624200004728,1.7313040000317415,,,,,,
Z-Alizadeh Sani,1,5,Class-XGB,0,243,60,0.6602033115829987,0.4401546768488066,0.6839972640164159,0.5294117647058824,58.605345999922065,4.155158999992636,,,,,,
Z-Alizadeh Sani,1,5,SPW-XGB,0,243,60,0.5979304289893882,0.405727350671033,0.6749372975893054,0.5294117647058824,94.56119799983753,1.7035959999702754,,,,,,
Z-Alizadeh Sani,1,5,Weighted-XGB,0,243,60,0.5995642986690639,0.42544459644322846,0.7017663857663164,0.5882352941176471,59.58815799999684,1.6460130000268691,,,,,,
Z-Alizadeh Sani,1,5,CB-XGB,0,243,60,0.5981457201649959,0.45722379673248675,0.7114463793936926,0.5882352941176471,58.661348999976326,1.6280110000934656,,,,,,
Z-Alizadeh Sani,1,5,CMPSW,0,243,60,0.6244595557704077,0.4911436350228294,0.7209964225384683,0.5882352941176471,58.69806200007588,1.6371949998301716,16.0,0.6561213991769548,0.7384393063583815,0.45267857142857143,121.49999999999999,121.5
Z-Alizadeh Sani,2,1,XGB,0,242,61,0.7845413510270266,0.7553475935828877,0.8760020999657392,0.8235294117647058,59.32172100006028,1.7714430000523862,,,,,,
Z-Alizadeh Sani,2,1,Class-XGB,0,242,61,0.7712214132515534,0.6872935630425229,0.8543690795342321,0.8235294117647058,64.06122099997447,3.7913539999863133,,,,,,
Z-Alizadeh Sani,2,1,SPW-XGB,0,242,61,0.7904424416804392,0.656304517880554,0.8433445005002784,0.8235294117647058,58.21409899999708,1.6573440000229311,,,,,,
Z-Alizadeh Sani,2,1,Weighted-XGB,0,242,61,0.7826564073262261,0.7202102189422428,0.8652532008633531,0.8235294117647058,63.088008000022455,1.67117900014091,,,,,,
Z-Alizadeh Sani,2,1,CB-XGB,0,242,61,0.8021782511514756,0.7202102189422428,0.8652532008633531,0.8235294117647058,58.08366999985992,1.6519570001491957,,,,,,
Z-Alizadeh Sani,2,1,CMPSW,0,242,61,0.8358633801777919,0.7662481908120029,0.8956221510397981,0.8823529411764706,61.716999000054784,1.66938500001379,16.0,0.6466942148760331,0.7147529069767442,0.47946428571428573,121.0,121.00000000000001
Z-Alizadeh Sani,2,2,XGB,0,242,61,0.8832241477053568,0.7416364401288107,0.8863011428190047,0.8888888888888888,109.68307399980404,1.7164270000193937,,,,,,
Z-Alizadeh Sani,2,2,Class-XGB,0,242,61,0.8936390342108471,0.7574637437084986,0.9014773977798946,0.9444444444444444,76.67247500012309,1.7769129999578581,,,,,,
Z-Alizadeh Sani,2,2,SPW-XGB,0,242,61,0.9326065058079066,0.7865818213855553,0.9135783069871001,0.9444444444444444,59.50444200016136,1.702271999874938,,,,,,
Z-Alizadeh Sani,2,2,Weighted-XGB,0,242,61,0.9118337825384506,0.7865818213855553,0.9135783069871001,0.9444444444444444,58.965879999959725,1.6248409999661817,,,,,,
Z-Alizadeh Sani,2,2,CB-XGB,0,242,61,0.9120726792997633,0.7574637437084986,0.9014773977798946,0.9444444444444444,57.952835000151026,1.6716160000669333,,,,,,
Z-Alizadeh Sani,2,2,CMPSW,0,242,61,0.914159881345769,0.817288317800813,0.9255210139628498,0.9444444444444444,73.00423000015144,1.7406790000222827,16.0,0.6588326446280992,0.744942196531792,0.4429347826086957,121.0,121.0
Z-Alizadeh Sani,2,3,XGB,0,242,61,0.7935695105655782,0.5947661473435083,0.777593185920953,0.6666666666666666,1256.545712000161,5.3309710001485655,,,,,,
Z-Alizadeh Sani,2,3,Class-XGB,0,242,61,0.7817705181748683,0.5903326847848058,0.806946584785929,0.7777777777777778,58.4204229999159,1.6822589998355397,,,,,,
Z-Alizadeh Sani,2,3,SPW-XGB,0,242,61,0.7836283278370081,0.620082596449548,0.8180774083146607,0.7777777777777778,59.22229299994797,1.5912389999357401,,,,,,
Z-Alizadeh Sani,2,3,Weighted-XGB,0,242,61,0.7974770329682949,0.5903326847848058,0.806946584785929,0.7777777777777778,62.01291700017464,1.66207300003407,,,,,,
Z-Alizadeh Sani,2,3,CB-XGB,0,242,61,0.7777172196532806,0.5903326847848058,0.806946584785929,0.7777777777777778,60.107078000100955,1.757560999976704,,,,,,
Z-Alizadeh Sani,2,3,CMPSW,0,242,61,0.7683449068766743,0.5947661473435083,0.777593185920953,0.6666666666666666,56.419513000037114,1.674628000046141,16.0,0.6629648760330579,0.7290462427745664,0.49728260869565216,121.00000000000003,121.0
Z-Alizadeh Sani,2,4,XGB,0,243,60,0.7833307215983067,0.5671003513661352,0.7397267214553092,0.5882352941176471,88.45421799992437,1.6760360001626395,,,,,,
Z-Alizadeh Sani,2,4,Class-XGB,0,243,60,0.7757765934464168,0.5765599193746258,0.766072649989255,0.6470588235294118,61.49958100013464,1.6928119998738111,,,,,,
Z-Alizadeh Sani,2,4,SPW-XGB,0,243,60,0.7649657591609627,0.6245007955370551,0.8001367872113956,0.7058823529411765,59.09744100017633,1.6793969998616376,,,,,,
Z-Alizadeh Sani,2,4,Weighted-XGB,0,243,60,0.7822788738878705,0.6150505749344252,0.7758319306902253,0.6470588235294118,58.20159099994271,1.6106079999644862,,,,,,
Z-Alizadeh Sani,2,4,CB-XGB,0,243,60,0.7847884929477189,0.6150505749344252,0.7758319306902253,0.6470588235294118,58.27308199991421,1.7461410000123578,,,,,,
Z-Alizadeh Sani,2,4,CMPSW,0,243,60,0.7848703651591332,0.7081392949393392,0.8434182290924988,0.7647058823529411,85.85710600004859,1.6621029999441816,16.0,0.6460905349794238,0.7297687861271677,0.4392857142857143,121.49999999999999,121.50000000000001
Z-Alizadeh Sani,2,5,XGB,0,243,60,0.842053602673253,0.7024985239772344,0.8203966209066657,0.7058823529411765,74.48875799991583,1.7092499999762367,,,,,,
Z-Alizadeh Sani,2,5,Class-XGB,0,243,60,0.864453967354712,0.6619762037264222,0.8103300234608272,0.7058823529411765,71.62105700012944,1.6361919999781094,,,,,,
Z-Alizadeh Sani,2,5,SPW-XGB,0,243,60,0.8611979752719937,0.6716826265389877,0.8328087724300149,0.7647058823529411,75.28781899986825,1.832336999996187,,,,,,
Z-Alizadeh Sani,2,5,Weighted-XGB,0,243,60,0.8605053770243053,0.7024985239772344,0.8203966209066657,0.7058823529411765,80.0599039998815,1.763720000099056,,,,,,
Z-Alizadeh Sani,2,5,CB-XGB,0,243,60,0.842053602673253,0.7024985239772344,0.8203966209066657,0.7058823529411765,102.87947599999825,1.722899000014877,,,,,,
Z-Alizadeh Sani,2,5,CMPSW,0,243,60,0.8787263318188925,0.6619762037264222,0.8103300234608272,0.7058823529411765,56.71792800012554,1.6458869999951276,16.0,0.6558641975308642,0.756864161849711,0.40625,121.49999999999999,121.5
Z-Alizadeh Sani,3,1,XGB,0,242,61,0.7609967597971702,0.617197489140288,0.7764928695555344,0.6470588235294118,73.15042799996263,1.838249000002179,,,,,,
Z-Alizadeh Sani,3,1,Class-XGB,0,242,61,0.7689239379842185,0.5106951871657754,0.747545001596402,0.6470588235294118,120.79940800003897,3.849320999961492,,,,,,
Z-Alizadeh Sani,3,1,SPW-XGB,0,242,61,0.7699995717924439,0.5436956377644244,0.757317246446102,0.6470588235294118,75.36240300009922,1.789843999858931,,,,,,
Z-Alizadeh Sani,3,1,Weighted-XGB,0,242,61,0.746577675987764,0.5790525604663934,0.7669649888473704,0.6470588235294118,75.36322999999356,1.7037289999279892,,,,,,
Z-Alizadeh Sani,3,1,CB-XGB,0,242,61,0.7609967597971702,0.617197489140288,0.7764928695555344,0.6470588235294118,73.669222000035,1.7711420000523503,,,,,,
Z-Alizadeh Sani,3,1,CMPSW,0,242,61,0.8603338431978232,0.6737967914438503,0.8337788470424282,0.7647058823529411,59.60502100015219,1.6704130000562145,16.0,0.6753615702479339,0.7481831395348837,0.49642857142857144,121.00000000000001,121.00000000000001
Z-Alizadeh Sani,3,2,XGB,0,242,61,0.8576588831895923,0.7635658914728682,0.8804509063256238,0.8333333333333334,78.0404180000005,1.781990999916161,,,,,,
Z-Alizadeh Sani,3,2,Class-XGB,0,242,61,0.8614338806421075,0.7290926094166782,0.8693756112799416,0.8333333333333334,90.63065800000913,1.714321999997992,,,,,,
Z-Alizadeh Sani,3,2,SPW-XGB,0,242,61,0.8531229087485539,0.7865818213855553,0.9135783069871001,0.9444444444444444,58.807090999835054,1.6845129998728225,,,,,,
Z-Alizadeh Sani,3,2,Weighted-XGB,0,242,61,0.8696662034168485,0.7732204036698818,0.8978872704229617,0.8888888888888888,58.61506099995495,1.686303000042244,,,,,,
Z-Alizadeh Sani,3,2,CB-XGB,0,242,61,0.8847263061799564,0.7202102189422428,0.850596386005904,0.7777777777777778,62.53640899990387,1.6985740001018712,,,,,,
Z-Alizadeh Sani,3,2,CMPSW,0,242,61,0.890848411001976,0.7732204036698818,0.8978872704229617,0.8888888888888888,63.99301999999807,2.9901529999278864,16.0,0.6469524793388429,0.7402456647398844,0.41304347826086957,121.0,121.0
Z-Alizadeh Sani,3,3,XGB,0,242,61,0.9075932680764615,0.7249521056977182,0.7817359599705717,0.6111111111111112,57.02318700014075,1.6857090001849429,,,,,,
Z-Alizadeh Sani,3,3,Class-XGB,0,242,61,0.888053046762917,0.7580779034573635,0.8398966344670915,0.7222222222222222,56.94548299993585,1.700172000028033,,,,,,
Z-Alizadeh Sani,3,3,SPW-XGB,0,242,61,0.897226871100744,0.80435734642057,0.8498365855987975,0.7222222222222222,57.319162000112556,1.5959840000050463,,,,,,
Z-Alizadeh Sani,3,3,Weighted-XGB,0,242,61,0.8861102710649813,0.7165831100490946,0.806946584785929,0.6666666666666666,57.08018300015283,1.6048519999003474,,,,,,
Z-Alizadeh Sani,3,3,CB-XGB,0,242,61,0.9050289764735326,0.7580779034573635,0.8398966344670915,0.7222222222222222,56.6486210000221,1.650244999837014,,,,,,
Z-Alizadeh Sani,3,3,CMPSW,0,242,61,0.8991174153301316,0.80435734642057,0.8498365855987975,0.7222222222222222,59.93187600006422,1.7285579999679612,16.0,0.6539256198347108,0.726878612716763,0.47101449275362317,121.0,120.99999999999999
Z-Alizadeh Sani,3,4,XGB,0,243,60,0.8097687594466415,0.6851144473160397,0.853094471813396,0.8235294117647058,130.64610700007506,2.2301670001070306,,,,,,
Z-Alizadeh Sani,3,4,Class-XGB,0,243,60,0.8153959739712131,0.6728587693886119,0.8594847818823075,0.8823529411764706,63.137223000012455,1.7666589999407734,,,,,,
Z-Alizadeh Sani,3,4,SPW-XGB,0,243,60,0.7424564079045223,0.5753723590625356,0.8001367872113955,0.7647058823529411,74.19089799986978,1.8914299998868955,,,,,,
Z-Alizadeh Sani,3,4,Weighted-XGB,0,243,60,0.8076781128670291,0.6190839473613646,0.8352690695845567,0.8823529411764706,58.717726999930164,1.6446829999949841,,,,,,
Z-Alizadeh Sani,3,4,CB-XGB,0,243,60,0.7656061076795005,0.5569045355497197,0.779350460898608,0.7058823529411765,76.32634799983862,1.7399910000222008,,,,,,
Z-Alizadeh Sani,3,4,CMPSW,0,243,60,0.8098149802288099,0.6190839473613646,0.8352690695845567,0.8823529411764706,56.37148400001024,1.6671880000558303,16.0,0.6453189300411523,0.7102601156069365,0.48482142857142857,121.5,121.49999999999997
Z-Alizadeh Sani,3,5,XGB,0,243,60,0.8720545992187205,0.6619762037264222,0.8103300234608272,0.7058823529411765,72.02604600001905,1.7612340000141558,,,,,,
Z-Alizadeh Sani,3,5,Class-XGB,0,243,60,0.8971957489538375,0.732292093352318,0.8830366707956722,0.8823529411764706,57.54205100015497,1.6816380000364006,,,,,,
Z-Alizadeh Sani,3,5,SPW-XGB,0,243,60,0.9027810176136103,0.6376153378033024,0.8220624025627558,0.7647058823529411,58.82795799993801,1.6262329997971392,,,,,,
Z-Alizadeh Sani,3,5,Weighted-XGB,0,243,60,0.8864388726640594,0.7081392949393392,0.8434182290924988,0.7647058823529411,74.7092149999844,1.7304010000316339,,,,,,
Z-Alizadeh Sani,3,5,CB-XGB,0,243,60,0.8915944234969804,0.7081392949393392,0.8434182290924988,0.7647058823529411,78.97576900018066,1.722206000067672,,,,,,
Z-Alizadeh Sani,3,5,CMPSW,0,243,60,0.8889887493069746,0.7081392949393392,0.8434182290924988,0.7647058823529411,56.13965999987158,1.6638179999972635,16.0,0.6491769547325102,0.7453034682080925,0.41160714285714284,121.5,121.50000000000003
Z-Alizadeh Sani,4,1,XGB,0,242,61,0.8924454191292495,0.7930598024533709,0.8866206949335731,0.8235294117647058,62.833534999981566,1.6246699999555858,,,,,,
Z-Alizadeh Sani,4,1,Class-XGB,0,242,61,0.908288497918216,0.6872935630425229,0.8543690795342321,0.8235294117647058,59.14736899990203,1.6615130000445788,,,,,,
Z-Alizadeh Sani,4,1,SPW-XGB,0,242,61,0.9075781307998313,0.7662481908120029,0.8956221510397981,0.8823529411764706,75.48295300011887,1.7338490001748141,,,,,,
Z-Alizadeh Sani,4,1,Weighted-XGB,0,242,61,0.9146539166311125,0.7488708594493261,0.8543690795342321,0.7647058823529411,76.4825670000846,1.7399609998847154,,,,,,
Z-Alizadeh Sani,4,1,CB-XGB,0,242,61,0.9143195161543369,0.7202102189422428,0.8652532008633531,0.8235294117647058,74.88058100011585,1.8735740000010992,,,,,,
Z-Alizadeh Sani,4,1,CMPSW,0,242,61,0.9027305521175035,0.6872935630425229,0.8543690795342321,0.8235294117647058,59.22163900004307,1.7093659998863586,16.0,0.6379132231404959,0.703125,0.47767857142857145,121.0,120.99999999999999
Z-Alizadeh Sani,4,2,XGB,0,242,61,0.7955618618063905,0.49361129647486157,0.6819943394704735,0.5,403.63175099992077,28.293891999965126,,,,,,
Z-Alizadeh Sani,4,2,Class-XGB,0,242,61,0.7733607127711886,0.5130527802535217,0.7348820854984583,0.6111111111111112,79.17516699990301,1.7934810000497237,,,,,,
Z-Alizadeh Sani,4,2,SPW-XGB,0,242,61,0.7961810687411188,0.5487181768847379,0.7444887950073344,0.6111111111111112,73.10631000018475,1.721229999930074,,,,,,
Z-Alizadeh Sani,4,2,Weighted-XGB,0,242,61,0.7723133762983695,0.5871250305889746,0.7539731110566096,0.6111111111111112,71.81363700010479,1.717824000024848,,,,,,
Z-Alizadeh Sani,4,2,CB-XGB,0,242,61,0.7771151513605075,0.4652473320219722,0.7006825760295607,0.5555555555555556,73.11477700000069,1.7259900000681228,,,,,,
Z-Alizadeh Sani,4,2,CMPSW,0,242,61,0.8201375676342025,0.5871250305889746,0.7539731110566096,0.6111111111111112,59.78009699992981,1.7102510000768234,16.0,0.6510847107438017,0.7229046242774566,0.47101449275362317,121.0,121.0
Z-Alizadeh Sani,4,3,XGB,0,242,61,0.8085645314517502,0.5840325850183047,0.7278157474758992,0.5555555555555556,58.04655799988723,1.6608020000603574,,,,,,
Z-Alizadeh Sani,4,3,Class-XGB,0,242,61,0.7246409539073386,0.5130527802535217,0.7348820854984583,0.6111111111111112,57.38835900001504,1.929087000007712,,,,,,
Z-Alizadeh Sani,4,3,SPW-XGB,0,242,61,0.7151018563422704,0.5947661473435083,0.777593185920953,0.6666666666666666,107.34942999988561,1.779171999942264,,,,,,
Z-Alizadeh Sani,4,3,Weighted-XGB,0,242,61,0.7144180715978484,0.5598714475718894,0.767559305084438,0.6666666666666666,73.47635599990099,1.7030900000918336,,,,,,
Z-Alizadeh Sani,4,3,CB-XGB,0,242,61,0.7999514017178793,0.5871250305889746,0.7539731110566096,0.6111111111111112,59.07672500006811,1.6703000001143664,,,,,,
Z-Alizadeh Sani,4,3,CMPSW,0,242,61,0.8088025124551385,0.6400408332570662,0.8093446482740974,0.7222222222222222,60.51362399989557,1.6834979999202915,16.0,0.6629648760330579,0.7565028901734104,0.42844202898550726,121.0,121.0
Z-Alizadeh Sani,4,4,XGB,0,243,60,0.8936944773290613,0.7081392949393392,0.8434182290924988,0.7647058823529411,79.39570499979709,1.882531999854109,,,,,,
Z-Alizadeh Sani,4,4,Class-XGB,0,243,60,0.8912656110457058,0.7537619699042407,0.8752564603640631,0.8235294117647058,78.53939899996476,1.7121070000030159,,,,,,
Z-Alizadeh Sani,4,4,SPW-XGB,0,243,60,0.8912656110457058,0.7537619699042407,0.8752564603640631,0.8235294117647058,74.9488910000764,1.747282999986055,,,,,,
Z-Alizadeh Sani,4,4,Weighted-XGB,0,243,60,0.8923196223938348,0.7081392949393392,0.8434182290924988,0.7647058823529411,79.93665799995142,1.695688999916456,,,,,,
Z-Alizadeh Sani,4,4,CB-XGB,0,243,60,0.8936944773290613,0.7081392949393392,0.8434182290924988,0.7647058823529411,109.4586659999095,1.7404279999482242,,,,,,
Z-Alizadeh Sani,4,4,CMPSW,0,243,60,0.8806186393383626,0.7537619699042407,0.8752564603640631,0.8235294117647058,59.523431000116034,1.6219200001614809,16.0,0.6538065843621399,0.7398843930635838,0.44107142857142856,121.5,121.50000000000003
Z-Alizadeh Sani,4,5,XGB,0,243,60,0.7746966956261705,0.6619762037264222,0.8103300234608272,0.7058823529411765,165.7160689999273,13.314481999941563,,,,,,
Z-Alizadeh Sani,4,5,Class-XGB,0,243,60,0.7777647459623391,0.6538322262074268,0.8417947083780888,0.8235294117647058,61.935279000181254,1.6226230000029318,,,,,,
Z-Alizadeh Sani,4,5,SPW-XGB,0,243,60,0.7449716691942607,0.6376153378033024,0.8220624025627558,0.7647058823529411,79.68334899987894,1.7978909997964365,,,,,,
Z-Alizadeh Sani,4,5,Weighted-XGB,0,243,60,0.7719898197664969,0.6538322262074268,0.8417947083780888,0.8235294117647058,59.76144400005978,1.6586990000178048,,,,,,
Z-Alizadeh Sani,4,5,CB-XGB,0,243,60,0.7538146732910004,0.6150505749344252,0.7758319306902253,0.6470588235294118,77.52092300006552,1.7538530000820174,,,,,,
Z-Alizadeh Sani,4,5,CMPSW,0,243,60,0.7174234635649201,0.718326140056885,0.8642465068623668,0.8235294117647058,72.119186000009,1.7656690001786046,16.0,0.6579218106995884,0.7478323699421965,0.4357142857142857,121.5,121.49999999999997
Z-Alizadeh Sani,5,1,XGB,0,242,61,0.9824701619778347,0.9186891584322587,0.9393364366277243,0.8823529411764706,62.733576000027824,1.785427999948297,,,,,,
Z-Alizadeh Sani,5,1,Class-XGB,0,242,61,0.9716562334873098,0.9184491978609626,0.9590547931461917,0.9411764705882353,58.08784900000319,1.7419739999695594,,,,,,
Z-Alizadeh Sani,5,1,SPW-XGB,0,242,61,0.9315520511947327,0.7662481908120029,0.8956221510397981,0.8823529411764706,59.132417000000714,1.687883999920814,,,,,,
Z-Alizadeh Sani,5,1,Weighted-XGB,0,242,61,0.9555852094657897,0.8452028185814829,0.9364856366189408,0.9411764705882353,58.335806000059165,1.6629469998861168,,,,,,
Z-Alizadeh Sani,5,1,CB-XGB,0,242,61,0.9547188816234873,0.7479590242158571,0.830565814485832,0.7058823529411765,77.7254049999101,1.7542190000767732,,,,,,
Z-Alizadeh Sani,5,1,CMPSW,0,242,61,0.9725025877621034,0.8368983957219251,0.9177396086607643,0.8823529411764706,59.3964759998471,1.7391250000855507,16.0,0.6461776859504132,0.7398255813953488,0.4160714285714286,121.00000000000001,120.99999999999999
Z-Alizadeh Sani,5,2,XGB,0,242,61,0.8342955651720291,0.6659845624568083,0.8467905665309997,0.8333333333333334,58.02636099997471,1.6704280001249572,,,,,,
Z-Alizadeh Sani,5,2,Class-XGB,0,242,61,0.8214683722942462,0.6536718427477753,0.8513555083221037,0.9444444444444444,57.75061500003176,1.6217319998759194,,,,,,
Z-Alizadeh Sani,5,2,SPW-XGB,0,242,61,0.8357264167899292,0.6779865680158955,0.8641585652180931,0.9444444444444444,58.33454699995855,1.7065639999600535,,,,,,
Z-Alizadeh Sani,5,2,Weighted-XGB,0,242,61,0.8137561167559036,0.6536718427477753,0.8513555083221037,0.9444444444444444,59.67116000010719,1.6442090000055032,,,,,,
Z-Alizadeh Sani,5,2,CB-XGB,0,242,61,0.8334349631781152,0.6561784094198083,0.850596386005904,0.8888888888888888,60.72916399989481,1.7354369999793562,,,,,,
Z-Alizadeh Sani,5,2,CMPSW,0,242,61,0.8131322543483922,0.6302226522778734,0.8383569509826837,0.8888888888888888,55.79686000010042,1.6355800000837917,16.0,0.6575413223140496,0.7286849710982659,0.4791666666666667,121.0,120.99999999999999
Z-Alizadeh Sani,5,3,XGB,0,242,61,0.718734029321141,0.5130527802535217,0.7348820854984583,0.6111111111111112,56.967583999949056,1.6671999999289255,,,,,,
Z-Alizadeh Sani,5,3,Class-XGB,0,242,61,0.7239903694812846,0.5271317829457365,0.7573925077875494,0.6666666666666666,61.18385500008117,1.6860910000104923,,,,,,
Z-Alizadeh Sani,5,3,SPW-XGB,0,242,61,0.6851918753943586,0.49624104305847205,0.7470873676376284,0.6666666666666666,73.6415979999947,1.7470840000441967,,,,,,
Z-Alizadeh Sani,5,3,Weighted-XGB,0,242,61,0.7070544698873583,0.5271317829457365,0.7573925077875494,0.6666666666666666,144.63500100009696,1.706591000129265,,,,,,
Z-Alizadeh Sani,5,3,CB-XGB,0,242,61,0.718734029321141,0.5130527802535217,0.7348820854984583,0.6111111111111112,56.63823099985166,1.7646940000304312,,,,,,
Z-Alizadeh Sani,5,3,CMPSW,0,242,61,0.6413605131034817,0.5271317829457365,0.7573925077875494,0.6666666666666666,59.58517399994889,1.648685999953159,16.0,0.6681301652892562,0.7496387283236994,0.463768115942029,121.00000000000003,121.0
Z-Alizadeh Sani,5,4,XGB,0,243,60,0.8904965687286601,0.8364356105901571,0.8744746321952062,0.7647058823529411,78.40483299992229,1.7019719998643268,,,,,,
Z-Alizadeh Sani,5,4,Class-XGB,0,243,60,0.8856690945617189,0.8364356105901571,0.8744746321952062,0.7647058823529411,78.99236799994469,1.7442930000015622,,,,,,
Z-Alizadeh Sani,5,4,SPW-XGB,0,243,60,0.8884369965943268,0.8364356105901571,0.8744746321952062,0.7647058823529411,86.94344199989246,1.8563250000624976,,,,,,
Z-Alizadeh Sani,5,4,Weighted-XGB,0,243,60,0.8894103652384806,0.8364356105901571,0.8744746321952062,0.7647058823529411,79.86739100010709,1.765105999993466,,,,,,
Z-Alizadeh Sani,5,4,CB-XGB,0,243,60,0.8861879168251299,0.8364356105901571,0.8744746321952062,0.7647058823529411,79.85684200002652,1.6950289998476364,,,,,,
Z-Alizadeh Sani,5,4,CMPSW,0,243,60,0.8951777936975305,0.7899464730200436,0.8642465068623668,0.7647058823529411,59.321049000118364,1.7257699998936005,16.0,0.6412037037037037,0.7164017341040463,0.45535714285714285,121.49999999999999,121.5
Z-Alizadeh Sani,5,5,XGB,0,243,60,0.7975473372780401,0.5276026258916159,0.7304216124089874,0.5882352941176471,57.98970199998621,1.6772159999618452,,,,,,
Z-Alizadeh Sani,5,5,Class-XGB,0,243,60,0.8006420884938686,0.5569045355497197,0.779350460898608,0.7058823529411765,61.70743300003778,1.6600470000867062,,,,,,
Z-Alizadeh Sani,5,5,SPW-XGB,0,243,60,0.7971910772664753,0.6376153378033024,0.8220624025627558,0.7647058823529411,58.688523000000714,1.6679380000823585,,,,,,
Z-Alizadeh Sani,5,5,Weighted-XGB,0,243,60,0.7757687189182048,0.5260936858500342,0.7687465591661677,0.7058823529411765,58.42193100011173,1.659304999975575,,,,,,
Z-Alizadeh Sani,5,5,CB-XGB,0,243,60,0.7974958370331784,0.5569045355497197,0.779350460898608,0.7058823529411765,57.714256000053865,1.6970390001915803,,,,,,
Z-Alizadeh Sani,5,5,CMPSW,0,243,60,0.7878860850524222,0.45722379673248675,0.7114463793936926,0.5882352941176471,56.40000899984443,1.7764980000265496,16.0,0.6445473251028807,0.7308526011560693,0.43125,121.5,121.50000000000003
Heart Failure,1,1,XGB,1,239,60,0.4468121561170221,0.06324555320336758,0.41231056256176607,0.2,323.5277100000076,32.74375199998758,,,,,,
Heart Failure,1,1,Class-XGB,1,239,60,0.49644729889677525,0.08164965809277261,0.4821825380496477,0.3,38.26901600018573,1.5669490001073427,,,,,,
Heart Failure,1,1,SPW-XGB,1,239,60,0.5029110087588687,0.1830730233380795,0.5567764362830022,0.4,38.039505000142526,1.5656340001442004,,,,,,
Heart Failure,1,1,Weighted-XGB,1,239,60,0.492583122116996,0.11145564251507058,0.4898979485566356,0.3,38.55706500007727,1.598524000200996,,,,,,
Heart Failure,1,1,CB-XGB,1,239,60,0.5055725015470159,0.08164965809277261,0.4821825380496477,0.3,37.87511900009122,1.5713319999122177,,,,,,
Heart Failure,1,1,CMPSW,1,239,60,0.5722716426892445,0.16329931618554522,0.529150262212918,0.35,42.184864999853744,1.5285389999917243,16.0,0.6770397489539749,0.8109662576687117,0.38980263157894735,119.50000000000003,119.5
Heart Failure,1,2,XGB,1,239,60,0.61575192292352,0.217424789518001,0.5527385433495987,0.3684210526315789,54.55421700003171,1.5629680001438828,,,,,,
Heart Failure,1,2,Class-XGB,1,239,60,0.6170241341019922,0.40187811143212326,0.7020966217257903,0.631578947368421,245.2107059998525,3.0651090000901604,,,,,,
Heart Failure,1,2,SPW-XGB,1,239,60,0.6270394329312525,0.40187811143212326,0.7020966217257903,0.631578947368421,60.47637000006034,1.5694809999331483,,,,,,
Heart Failure,1,2,Weighted-XGB,1,239,60,0.6121640484125643,0.4949616346001923,0.7583510251054997,0.7368421052631579,47.807371000089915,1.6304740001942264,,,,,,
Heart Failure,1,2,CB-XGB,1,239,60,0.5932532186458863,0.38382541720154045,0.6826287631219,0.5789473684210527,47.49194800001533,1.6651179998916632,,,,,,
Heart Failure,1,2,CMPSW,1,239,60,0.6495439737721613,0.43069040314741897,0.712982489833186,0.631578947368421,39.324326000041765,1.6345059998457145,16.0,0.6657949790794979,0.8097993827160493,0.3628246753246753,119.49999999999997,119.50000000000001
Heart Failure,1,3,XGB,1,239,60,0.6332256045260352,0.43069040314741897,0.712982489833186,0.631578947368421,37.89025199989737,1.7348250000850385,,,,,,
Heart Failure,1,3,Class-XGB,1,239,60,0.6450843967649704,0.32048202825835126,0.6712508202388833,0.6842105263157895,38.532706999831134,1.6620530000182043,,,,,,
Heart Failure,1,3,SPW-XGB,1,239,60,0.6239357370250544,0.34534189521008946,0.6835683764546395,0.7368421052631579,116.13991500007614,30.60074099994381,,,,,,
Heart Failure,1,3,Weighted-XGB,1,239,60,0.6186830575107525,0.32048202825835126,0.6712508202388833,0.6842105263157895,37.93132100008734,1.5992740000001504,,,,,,
Heart Failure,1,3,CB-XGB,1,239,60,0.6509759872450154,0.3742269632186825,0.6910392909732457,0.631578947368421,60.14738499993655,4.870654000114882,,,,,,
Heart Failure,1,3,CMPSW,1,239,60,0.6834853871374302,0.3475785175976537,0.6798021308431187,0.631578947368421,37.753769000119064,1.5909969999938767,16.0,0.6608263598326359,0.8047839506172839,0.35795454545454547,119.5,119.5
Heart Failure,1,4,XGB,1,239,60,0.7573390761860173,0.6148908857509627,0.8043527285578029,0.7368421052631579,47.03828800006704,1.651343000048655,,,,,,
Heart Failure,1,4,Class-XGB,1,239,60,0.8051274730867981,0.5686531931014617,0.7971386570170284,0.7894736842105263,38.64853900017806,1.6237239999554731,,,,,,
Heart Failure,1,4,SPW-XGB,1,239,60,0.8186056918221014,0.5411994792469634,0.7849678864759115,0.7894736842105263,37.86420000005819,1.5988749998996354,,,,,,
Heart Failure,1,4,Weighted-XGB,1,239,60,0.8126639531889555,0.49314482762770057,0.7532556637646886,0.8947368421052632,38.65607900002033,1.5451460001258965,,,,,,
Heart Failure,1,4,CB-XGB,1,239,60,0.7666912361661964,0.5826987807288609,0.7931024859836384,0.7368421052631579,38.35941400006959,1.5512780000790372,,,,,,
Heart Failure,1,4,CMPSW,1,239,60,0.8229936092368875,0.6148908857509627,0.8043527285578029,0.7368421052631579,37.955692999958046,1.6082219999589142,16.0,0.6401673640167364,0.7866512345679012,0.3319805194805195,119.5,119.50000000000001
Heart Failure,1,5,XGB,1,240,59,0.5294279525895412,0.3473412342558166,0.6345325672866353,0.47368421052631576,40.59978999998748,1.709730000129639,,,,,,
Heart Failure,1,5,Class-XGB,1,240,59,0.5373126726961178,0.4725410879540266,0.7398435111918139,0.6842105263157895,37.93977099985568,1.5929690000575647,,,,,,
Heart Failure,1,5,SPW-XGB,1,240,59,0.528007489668147,0.4725410879540266,0.7398435111918139,0.6842105263157895,37.932038000008106,1.5640410001651617,,,,,,
Heart Failure,1,5,Weighted-XGB,1,240,59,0.5457202272167057,0.45657894736842103,0.7218397547786817,0.631578947368421,39.3338799999583,1.6615409999758413,,,,,,
Heart Failure,1,5,CB-XGB,1,240,59,0.5294279525895412,0.3473412342558166,0.6345325672866353,0.47368421052631576,37.98681900002521,1.5612970000802306,,,,,,
Heart Failure,1,5,CMPSW,1,240,59,0.532348348753264,0.4425493406558577,0.7015021476502369,0.5789473684210527,42.67681700002868,1.643947000047774,16.0,0.6541666666666667,0.7983128834355828,0.349025974025974,120.0,120.0
Heart Failure,2,1,XGB,1,239,60,0.5150264100308269,0.2651650429449553,0.5533985905294664,0.35,37.864748000174586,1.5298459998120961,,,,,,
Heart Failure,2,1,Class-XGB,1,239,60,0.5049689528971582,0.26153289048297074,0.6000000000000001,0.45,48.60143399992012,1.6388970000207337,,,,,,
Heart Failure,2,1,SPW-XGB,1,239,60,0.49955553400115515,0.3086066999241838,0.6324555320336759,0.5,38.3398760000091,1.6072619998794835,,,,,,
Heart Failure,2,1,Weighted-XGB,1,239,60,0.5113322404182264,0.22885182707624924,0.5454356057317857,0.35,65.6664279999859,4.429309000215653,,,,,,
Heart Failure,2,1,CB-XGB,1,239,60,0.5150264100308269,0.2651650429449553,0.5533985905294664,0.35,38.25966799990965,1.5900859998509986,,,,,,
Heart Failure,2,1,CMPSW,1,239,60,0.5150078525461805,0.33999275762786196,0.6422616289332564,0.5,38.35779700011699,1.5334649999658723,16.0,0.6652719665271967,0.8101993865030674,0.35444078947368424,119.5,119.5
Heart Failure,2,2,XGB,1,239,60,0.6289953944594942,0.38382541720154045,0.6826287631219,0.5789473684210527,63.430287000073804,1.9528889999946841,,,,,,
Heart Failure,2,2,Class-XGB,1,239,60,0.6216925204683943,0.44209958691002116,0.7342702227032307,0.7368421052631579,47.265864000110014,1.6533639998215222,,,,,,
Heart Failure,2,2,SPW-XGB,1,239,60,0.6155923300677313,0.5615533925834306,0.7979434413280231,0.8421052631578947,40.77615999995032,1.5754809999179997,,,,,,
Heart Failure,2,2,Weighted-XGB,1,239,60,0.6183328230364931,0.42127007609892303,0.7192564981570946,0.6842105263157895,266.6079969999373,3.7249599999995553,,,,,,
Heart Failure,2,2,CB-XGB,1,239,60,0.6189689254406896,0.4949616346001923,0.7583510251054997,0.7368421052631579,37.824528999863105,1.5910800000256131,,,,,,
Heart Failure,2,2,CMPSW,1,239,60,0.6810749590537724,0.5147734916075589,0.7726054148697171,0.7894736842105263,38.133508000100846,1.5421929999774875,16.0,0.6589958158995816,0.8070987654320988,0.3474025974025974,119.5,119.5
Heart Failure,2,3,XGB,1,239,60,0.6468327633963782,0.33772762587980754,0.6080335103257679,0.42105263157894735,37.73543400006929,1.6226000000187923,,,,,,
Heart Failure,2,3,Class-XGB,1,239,60,0.5846199089422393,0.3361940936580397,0.6508609879797229,0.5263157894736842,46.824588999925254,1.654975000064951,,,,,,
Heart Failure,2,3,SPW-XGB,1,239,60,0.7042198086447109,0.4769955154381276,0.7420957036502255,0.6842105263157895,39.01223200000459,1.6357109998352826,,,,,,
Heart Failure,2,3,Weighted-XGB,1,239,60,0.7125591394126469,0.37163089761362567,0.6938201444259863,0.7894736842105263,38.98188199991637,1.5865710001889965,,,,,,
Heart Failure,2,3,CB-XGB,1,239,60,0.6468327633963782,0.33772762587980754,0.6080335103257679,0.42105263157894735,37.89961899997252,1.6004239998892444,,,,,,
Heart Failure,2,3,CMPSW,1,239,60,0.7182786268320545,0.4925634395455,0.7342702227032307,0.631578947368421,42.07994599983067,1.6146840000601514,16.0,0.6480125523012552,0.7824074074074074,0.3652597402597403,119.49999999999999,119.5
Heart Failure,2,4,XGB,1,239,60,0.6576449368840425,0.44658330511703165,0.7030102156343565,0.5789473684210527,37.769726999840714,1.5691410001181794,,,,,,
Heart Failure,2,4,Class-XGB,1,239,60,0.6328626950365714,0.32179428495765394,0.6683760711821475,0.631578947368421,47.47866200000317,1.6727820000141946,,,,,,
Heart Failure,2,4,SPW-XGB,1,239,60,0.6543789467357486,0.32179428495765394,0.6683760711821475,0.631578947368421,41.52932000010878,1.66457199998149,,,,,,
Heart Failure,2,4,Weighted-XGB,1,239,60,0.6614339098061142,0.3742269632186825,0.6910392909732457,0.631578947368421,38.17516499998419,1.5707289999227214,,,,,,
Heart Failure,2,4,CB-XGB,1,239,60,0.6737755963458216,0.3475785175976537,0.6798021308431187,0.631578947368421,40.88985699991099,1.5650699999696371,,,,,,
Heart Failure,2,4,CMPSW,1,239,60,0.6263774870209471,0.3742269632186825,0.6910392909732457,0.631578947368421,38.3370009999453,1.582496000082756,16.0,0.6707635983263598,0.8125,0.37256493506493504,119.5,119.49999999999999
Heart Failure,2,5,XGB,1,240,59,0.8425285097268773,0.6387710108827683,0.7745966692414834,0.631578947368421,37.796848999960275,1.6139140000177576,,,,,,
Heart Failure,2,5,Class-XGB,1,240,59,0.8674186695342139,0.5835211256028078,0.8078561622884166,0.8421052631578947,38.1261390000418,1.5415800000937452,,,,,,
Heart Failure,2,5,SPW-XGB,1,240,59,0.8460212303764687,0.5835211256028078,0.8078561622884166,0.8421052631578947,38.16176300006191,1.9121660000109841,,,,,,
Heart Failure,2,5,Weighted-XGB,1,240,59,0.8338412875802843,0.5558684337759084,0.7914011558455574,0.8947368421052632,38.18491699985316,1.5942640000048414,,,,,,
Heart Failure,2,5,CB-XGB,1,240,59,0.8550789710117206,0.5187297599110793,0.7677718959499145,0.7368421052631579,206.45300700016378,28.31231100003606,,,,,,
Heart Failure,2,5,CMPSW,1,240,59,0.8382917985219109,0.6998230786275665,0.8583950752789521,0.8421052631578947,38.55128700001842,1.6685249997863139,16.0,0.6411458333333333,0.7845092024539877,0.33766233766233766,120.0,120.0
Heart Failure,3,1,XGB,1,239,60,0.6410626154961504,0.48989794855663565,0.7035623639735145,0.55,57.93964899999082,3.710637000040151,,,,,,
Heart Failure,3,1,Class-XGB,1,239,60,0.6410497302583231,0.5624833862511962,0.7866066361276136,0.75,37.8673699999581,1.5786070000558539,,,,,,
Heart Failure,3,1,SPW-XGB,1,239,60,0.6925502996558622,0.5624833862511962,0.7866066361276136,0.75,39.5942229999946,1.6403360000367684,,,,,,
Heart Failure,3,1,Weighted-XGB,1,239,60,0.5966957779875417,0.46054685728553363,0.7365459931328118,0.7,37.98071999995045,1.6117550001126801,,,,,,
Heart Failure,3,1,CB-XGB,1,239,60,0.6373743667975597,0.5624833862511962,0.7866066361276136,0.75,38.57598300010068,1.6392249999626074,,,,,,
Heart Failure,3,1,CMPSW,1,239,60,0.7287481111031537,0.5826987807288609,0.7826237921249264,0.7,708.0931129999044,1.7084969999814348,16.0,0.6540271966527197,0.7944785276073619,0.3527960526315789,119.5,119.50000000000003
Heart Failure,3,2,XGB,1,239,60,0.6960920501635244,0.3762015410475098,0.6164205756292128,0.42105263157894735,37.99214900004699,1.5848119999191113,,,,,,
Heart Failure,3,2,Class-XGB,1,239,60,0.7205644680783816,0.5378690629011553,0.7642526785108704,0.6842105263157895,38.161642999966716,1.6850470001372742,,,,,,
Heart Failure,3,2,SPW-XGB,1,239,60,0.7395962309469297,0.4925634395455,0.7342702227032307,0.631578947368421,38.885383999968326,1.7351239998788515,,,,,,
Heart Failure,3,2,Weighted-XGB,1,239,60,0.744579122164235,0.5260936858500342,0.744685923405709,0.631578947368421,38.69181200002458,1.7391270000644,,,,,,
Heart Failure,3,2,CB-XGB,1,239,60,0.6932589299836875,0.5260936858500342,0.744685923405709,0.631578947368421,38.77599499992357,1.6609580000022106,,,,,,
Heart Failure,3,2,CMPSW,1,239,60,0.7442617427959224,0.6148908857509627,0.8043527285578029,0.7368421052631579,38.3692410000549,1.582274999918809,16.0,0.6459205020920502,0.7912808641975309,0.3400974025974026,119.49999999999999,119.5
Heart Failure,3,3,XGB,1,239,60,0.737617199136464,0.4925634395455,0.7342702227032307,0.631578947368421,118.53793299997051,3.552905000105966,,,,,,
Heart Failure,3,3,Class-XGB,1,239,60,0.7550983949288215,0.48925038066281723,0.7600418879072098,0.7894736842105263,41.078108999954566,1.6826920000312384,,,,,,
Heart Failure,3,3,SPW-XGB,1,239,60,0.7322024486470677,0.48925038066281723,0.7600418879072098,0.7894736842105263,38.36380300003839,1.5714000001025852,,,,,,
Heart Failure,3,3,Weighted-XGB,1,239,60,0.7173650909646576,0.49314482762770057,0.7532556637646886,0.8947368421052632,38.251343999945675,1.6121870000915806,,,,,,
Heart Failure,3,3,CB-XGB,1,239,60,0.7331625432816742,0.5411994792469634,0.7849678864759115,0.7894736842105263,37.99188600009984,1.531644999886339,,,,,,
Heart Failure,3,3,CMPSW,1,239,60,0.7715303434696099,0.552112919444132,0.7816903444513513,0.7368421052631579,38.84799299999031,1.64707199996883,16.0,0.6498430962343096,0.7912808641975309,0.3522727272727273,119.5,119.49999999999997
Heart Failure,3,4,XGB,1,239,60,0.5435508048284845,0.3361940936580397,0.6508609879797229,0.5263157894736842,47.08285399988199,1.6455029999633553,,,,,,
Heart Failure,3,4,Class-XGB,1,239,60,0.526302417446573,0.3742269632186825,0.6910392909732457,0.631578947368421,561.3047210001696,29.456234000008408,,,,,,
Heart Failure,3,4,SPW-XGB,1,239,60,0.5349722076228809,0.32676070742611896,0.6616197497025053,0.5789473684210527,47.33386799989603,1.588251999919521,,,,,,
Heart Failure,3,4,Weighted-XGB,1,239,60,0.5329239697979385,0.32676070742611896,0.6616197497025053,0.5789473684210527,46.566424000047846,1.5836160000617383,,,,,,
Heart Failure,3,4,CB-XGB,1,239,60,0.5251769239494503,0.3361940936580397,0.6508609879797229,0.5263157894736842,57.83475700013696,1.6376900000523165,,,,,,
Heart Failure,3,4,CMPSW,1,239,60,0.5122929640292807,0.3475785175976537,0.6798021308431187,0.631578947368421,47.30369700018855,1.6103570001178014,16.0,0.662918410041841,0.8040123456790124,0.36607142857142855,119.5,119.50000000000004
Heart Failure,3,5,XGB,1,240,59,0.5202842630843982,0.29770775620328116,0.5982430416161187,0.42105263157894735,46.48856400012846,1.6708619998553331,,,,,,
Heart Failure,3,5,Class-XGB,1,240,59,0.5266358075059032,0.3493801142559732,0.6698389437217843,0.5789473684210527,38.23906000002353,1.547863000041616,,,,,,
Heart Failure,3,5,SPW-XGB,1,240,59,0.5185338534733088,0.3210197608383333,0.6589465276604692,0.5789473684210527,90.21742100003394,1.7684239999198326,,,,,,
Heart Failure,3,5,Weighted-XGB,1,240,59,0.5378043956936487,0.38923685053516754,0.7043100393853174,0.6842105263157895,44.93269699992197,1.7196500000409287,,,,,,
Heart Failure,3,5,CB-XGB,1,240,59,0.514842182449611,0.3493801142559732,0.6698389437217843,0.5789473684210527,38.06623600007697,1.550184999814519,,,,,,
Heart Failure,3,5,CMPSW,1,240,59,0.5249861470927937,0.2523636657067228,0.6058921217163123,0.47368421052631576,47.84647099995709,1.6972099999748025,16.0,0.6760416666666667,0.8132668711656442,0.38555194805194803,119.99999999999999,120.0
Heart Failure,4,1,XGB,1,239,60,0.7725159360164793,0.5624833862511962,0.7866066361276136,0.75,40.95123199999762,1.8024169999080186,,,,,,
Heart Failure,4,1,Class-XGB,1,239,60,0.7854433081526209,0.497468338163091,0.7615773105863908,0.8,38.40914299985343,1.6098319999855448,,,,,,
Heart Failure,4,1,SPW-XGB,1,239,60,0.7800462545433924,0.5232166435699436,0.7745966692414834,0.8,38.12804400013192,1.573952999933681,,,,,,
Heart Failure,4,1,Weighted-XGB,1,239,60,0.8034301028684709,0.497468338163091,0.7615773105863908,0.8,38.285859999859895,1.5927230001580028,,,,,,
Heart Failure,4,1,CB-XGB,1,239,60,0.7364630051647205,0.48911598804451845,0.7483314773547882,0.7,57.31254900001659,1.60801599986371,,,,,,
Heart Failure,4,1,CMPSW,1,239,60,0.7556847628918644,0.5773502691896257,0.8,0.8,38.180235000027096,1.5699349999067636,16.0,0.6514121338912134,0.7986963190184049,0.3355263157894737,119.5,119.50000000000001
Heart Failure,4,2,XGB,1,239,60,0.441164847090315,0.15664009246335148,0.5362351523718686,0.3684210526315789,39.316708000114886,1.6619499999706022,,,,,,
Heart Failure,4,2,Class-XGB,1,239,60,0.48440857501273027,0.24865922019455078,0.6287914524140826,0.5789473684210527,68.1253130001096,11.156044000017573,,,,,,
Heart Failure,4,2,SPW-XGB,1,239,60,0.4885934640246779,0.24865922019455078,0.6287914524140826,0.5789473684210527,47.72171999979946,1.6430919999947946,,,,,,
Heart Failure,4,2,Weighted-XGB,1,239,60,0.4880608939399498,0.25080102736500653,0.6328613424905954,0.6842105263157895,38.55441799987602,1.6406330000791058,,,,,,
Heart Failure,4,2,CB-XGB,1,239,60,0.441164847090315,0.15664009246335148,0.5362351523718686,0.3684210526315789,37.78480000005402,1.5542979999736417,,,,,,
Heart Failure,4,2,CMPSW,1,239,60,0.42650909618366734,0.278682025565977,0.6308296796473714,0.5263157894736842,38.12455000002046,1.6434199999366683,16.0,0.6595188284518828,0.7974537037037037,0.3693181818181818,119.49999999999999,119.5
Heart Failure,4,3,XGB,1,239,60,0.7185365036438442,0.44658330511703165,0.7030102156343565,0.5789473684210527,52.18964200003029,3.464899999926274,,,,,,
Heart Failure,4,3,Class-XGB,1,239,60,0.7284183129604771,0.5066945919381399,0.7532556637646886,0.6842105263157895,38.87594699995134,1.5388889999030653,,,,,,
Heart Failure,4,3,SPW-XGB,1,239,60,0.6885283365069257,0.5378690629011553,0.7642526785108704,0.6842105263157895,41.46397199997409,1.6654749999815976,,,,,,
Heart Failure,4,3,Weighted-XGB,1,239,60,0.6493445777474087,0.42127007609892303,0.7192564981570946,0.6842105263157895,39.03012099999614,1.6656630000397854,,,,,,
Heart Failure,4,3,CB-XGB,1,239,60,0.7254829874855395,0.5378690629011553,0.7642526785108704,0.6842105263157895,38.65214000006745,1.5383669999664562,,,,,,
Heart Failure,4,3,CMPSW,1,239,60,0.729591066841577,0.5066945919381399,0.7532556637646886,0.6842105263157895,41.32376400002613,1.7773110000689485,16.0,0.6477510460251046,0.7962962962962963,0.3352272727272727,119.49999999999999,119.50000000000003
Heart Failure,4,4,XGB,1,239,60,0.5609541743695539,0.2507591385287841,0.5608081460149394,0.3684210526315789,38.821561000077054,1.675013000067338,,,,,,
Heart Failure,4,4,Class-XGB,1,239,60,0.5541752629978178,0.22552750763510004,0.610141085138568,0.5263157894736842,37.54257700006747,1.5235830001074646,,,,,,
Heart Failure,4,4,SPW-XGB,1,239,60,0.5714004840110407,0.278682025565977,0.6308296796473714,0.5263157894736842,38.61468600007356,1.5767499999128631,,,,,,
Heart Failure,4,4,Weighted-XGB,1,239,60,0.5681927692635611,0.2875625436510263,0.6174609486490193,0.47368421052631576,84.6612020000066,1.913648000027024,,,,,,
Heart Failure,4,4,CB-XGB,1,239,60,0.5775484819244143,0.22552750763510004,0.610141085138568,0.5263157894736842,39.95701200005897,1.762686000120084,,,,,,
Heart Failure,4,4,CMPSW,1,239,60,0.6338134629221384,0.306803594351733,0.6409235954456451,0.5263157894736842,46.72818400013057,1.631072000009226,16.0,0.6657949790794979,0.7989969135802469,0.38555194805194803,119.49999999999999,119.5
Heart Failure,4,5,XGB,1,240,59,0.5391174210902945,0.32203747293023505,0.5758289219624358,0.3684210526315789,47.03318299993953,1.611717000059798,,,,,,
Heart Failure,4,5,Class-XGB,1,240,59,0.5319332834807141,0.4425493406558577,0.7015021476502369,0.5789473684210527,81.45063899996785,1.5337489999183163,,,,,,
Heart Failure,4,5,SPW-XGB,1,240,59,0.4998468467099961,0.3337529629977906,0.6069769786668839,0.42105263157894735,51.045673000089664,1.695144999985132,,,,,,
Heart Failure,4,5,Weighted-XGB,1,240,59,0.5114550370222128,0.3473412342558166,0.6345325672866353,0.47368421052631576,49.76861799991639,1.6312999998717714,,,,,,
Heart Failure,4,5,CB-XGB,1,240,59,0.5444219535292076,0.39551687515352835,0.6688560540599386,0.5263157894736842,40.89865099990675,1.6668190000928007,,,,,,
Heart Failure,4,5,CMPSW,1,240,59,0.6596891461071046,0.5587021593077813,0.7539370349250519,0.631578947368421,38.44317699986277,1.6559870000492083,16.0,0.66640625,0.8075153374233128,0.3676948051948052,120.0,120.00000000000003
Heart Failure,5,1,XGB,1,239,60,0.6840661647750421,0.44194173824159216,0.6451743950281971,0.45,38.153876000023956,1.6282999999930325,,,,,,
Heart Failure,5,1,Class-XGB,1,239,60,0.6508016902548845,0.4447495899966607,0.7211102550927979,0.65,39.84586499996112,1.661827999896559,,,,,,
Heart Failure,5,1,SPW-XGB,1,239,60,0.6602854579526005,0.43069040314741897,0.7035623639735143,0.6,38.375935999965805,1.6510979999111441,,,,,,
Heart Failure,5,1,Weighted-XGB,1,239,60,0.6793904691652197,0.36223083817397933,0.6274950199005567,0.45,38.665484999910404,1.6765730001679913,,,,,,
Heart Failure,5,1,CB-XGB,1,239,60,0.6840661647750421,0.44194173824159216,0.6451743950281971,0.45,51.00559300012719,1.6322630001468497,,,,,,
Heart Failure,5,1,CMPSW,1,239,60,0.6771114740735851,0.41845262477275313,0.6837397165588672,0.55,38.059216000192464,1.538648999940051,16.0,0.6631799163179917,0.7944785276073619,0.3815789473684211,119.5,119.49999999999999
Heart Failure,5,2,XGB,1,239,60,0.5578929265679393,0.44658330511703165,0.7030102156343565,0.5789473684210527,37.91567899997972,1.6130900000916881,,,,,,
Heart Failure,5,2,Class-XGB,1,239,60,0.5253414721161825,0.5686531931014617,0.7971386570170284,0.7894736842105263,37.94522099997266,1.6216379999605124,,,,,,
Heart Failure,5,2,SPW-XGB,1,239,60,0.5588715451236881,0.5686531931014617,0.7971386570170284,0.7894736842105263,40.874462999909156,1.6059360000326706,,,,,,
Heart Failure,5,2,Weighted-XGB,1,239,60,0.5224174955079953,0.5378690629011553,0.7642526785108704,0.6842105263157895,38.2021899999927,1.5561210000214487,,,,,,
Heart Failure,5,2,CB-XGB,1,239,60,0.5578929265679393,0.44658330511703165,0.7030102156343565,0.5789473684210527,118.79225699999552,4.537862000006498,,,,,,
Heart Failure,5,2,CMPSW,1,239,60,0.5688553528920386,0.5826987807288609,0.7931024859836384,0.7368421052631579,37.84120000000257,1.5751850000924605,16.0,0.6524581589958159,0.7947530864197531,0.3530844155844156,119.5,119.49999999999997
Heart Failure,5,3,XGB,1,239,60,0.7367947097937317,0.5108164591662003,0.6712508202388833,0.47368421052631576,40.91193299996121,1.6544200000225828,,,,,,
Heart Failure,5,3,Class-XGB,1,239,60,0.731464907844031,0.46806441448386027,0.7464077428682041,0.7368421052631579,38.454902000012225,1.6063800001120399,,,,,,
Heart Failure,5,3,SPW-XGB,1,239,60,0.7308738815460585,0.46806441448386027,0.7464077428682041,0.7368421052631579,39.14791299985154,1.6739899999720365,,,,,,
Heart Failure,5,3,Weighted-XGB,1,239,60,0.7348621127820079,0.46806441448386027,0.7464077428682041,0.7368421052631579,46.14860400010912,3.45956599994679,,,,,,
Heart Failure,5,3,CB-XGB,1,239,60,0.738310152430395,0.4949616346001923,0.7583510251054997,0.7368421052631579,38.31822400002238,1.6005049999421317,,,,,,
Heart Failure,5,3,CMPSW,1,239,60,0.7504252570625676,0.5378690629011553,0.7642526785108704,0.6842105263157895,87.91714000017237,5.650199999990946,16.0,0.6542887029288703,0.7920524691358025,0.36444805194805197,119.49999999999997,119.50000000000001
Heart Failure,5,4,XGB,1,239,60,0.5829150992014602,0.12854178218502096,0.527789976512252,0.3684210526315789,38.68492000015067,1.5810080001301685,,,,,,
Heart Failure,5,4,Class-XGB,1,239,60,0.6093348719502525,0.29675177751494575,0.6567512527273334,0.631578947368421,37.98208200009867,1.5920220000680274,,,,,,
Heart Failure,5,4,SPW-XGB,1,239,60,0.5782177421857888,0.3925004615748347,0.7093724287133959,0.7368421052631579,62.718032000020685,12.734708999914801,,,,,,
Heart Failure,5,4,Weighted-XGB,1,239,60,0.6042230823328958,0.27388695909638433,0.6399213687254679,0.5789473684210527,38.96798200003104,1.651571999900625,,,,,,
Heart Failure,5,4,CB-XGB,1,239,60,0.5957371047917599,0.22552750763510004,0.610141085138568,0.5263157894736842,37.837246999970375,1.5666730000702955,,,,,,
Heart Failure,5,4,CMPSW,1,239,60,0.43327622496415186,0.27388695909638433,0.6399213687254679,0.5789473684210527,38.077672999861534,1.70539100008682,16.0,0.6861924686192469,0.8310185185185185,0.3814935064935065,119.5,119.49999999999999
Heart Failure,5,5,XGB,1,240,59,0.7167089862497531,0.6027359118134995,0.7847225456708954,0.6842105263157895,156.4907659999335,2.471466000088185,,,,,,
Heart Failure,5,5,Class-XGB,1,240,59,0.7125455428365699,0.4725410879540266,0.7398435111918139,0.6842105263157895,84.81148200007738,3.131039999971108,,,,,,
Heart Failure,5,5,SPW-XGB,1,240,59,0.7062030776218198,0.5026397926284819,0.7513146372928764,0.6842105263157895,38.1681670000944,1.5763019998757954,,,,,,
Heart Failure,5,5,Weighted-XGB,1,240,59,0.7312054350717798,0.5026397926284819,0.7513146372928764,0.6842105263157895,38.438368000015544,1.6724340000564553,,,,,,
Heart Failure,5,5,CB-XGB,1,240,59,0.7336743702519892,0.5342105263157895,0.7626132357679226,0.6842105263157895,59.089702000164834,3.293441000096209,,,,,,
Heart Failure,5,5,CMPSW,1,240,59,0.7726988341115795,0.5026397926284819,0.7513146372928764,0.6842105263157895,43.25828800006093,1.5930689999095193,16.0,0.6419270833333334,0.7944785276073619,0.3189935064935065,119.99999999999999,120.00000000000003
Long Beach VA,1,1,XGB,0,160,40,0.5199979188931783,0.3849001794597505,0.5385164807134504,0.3,34.96718599990345,1.4552929999354092,,,,,,
Long Beach VA,1,1,Class-XGB,0,160,40,0.5590281009839834,0.18156825980064073,0.5916079783099616,0.5,35.353059000044595,1.5989129999525176,,,,,,
Long Beach VA,1,1,SPW-XGB,0,160,40,0.607388931235689,0.29092868272585615,0.6324555320336759,0.5,537.9932309999731,5.306040000050416,,,,,,
Long Beach VA,1,1,Weighted-XGB,0,160,40,0.6738021477875863,0.4938291646584311,0.6831300510639732,0.5,41.21734299997115,1.5533600001162995,,,,,,
Long Beach VA,1,1,CB-XGB,0,160,40,0.5638009947568771,0.215716742976478,0.6055300708194983,0.5,35.312784999860014,1.6381119999095972,,,,,,
Long Beach VA,1,1,CMPSW,0,160,40,0.5923746704164661,0.28867513459481287,0.5887840577551898,0.4,42.82000600005631,1.632941000025312,13.0,0.6663461538461538,0.8106011635423399,0.2476547842401501,80.00000000000003,80.0
Long Beach VA,1,2,XGB,0,160,40,0.41343057754502766,0.06666666666666667,0.47958315233127197,0.3,45.371834999968996,1.587902999972357,,,,,,
Long Beach VA,1,2,Class-XGB,0,160,40,0.2937580470081914,-0.030816677568068284,0.4472135954999579,0.3,35.417581000046994,1.5581569998630584,,,,,,
Long Beach VA,1,2,SPW-XGB,0,160,40,0.4135060119849893,-0.030816677568068284,0.4472135954999579,0.3,34.80965400012792,1.550593000047229,,,,,,
Long Beach VA,1,2,Weighted-XGB,0,160,40,0.43000982802169374,0.0,0.458257569495584,0.3,42.88568899983147,1.6497250001066277,,,,,,
Long Beach VA,1,2,CB-XGB,0,160,40,0.40900737774592905,0.0,0.458257569495584,0.3,62.74440499987577,1.9568019999951503,,,,,,
Long Beach VA,1,2,CMPSW,0,160,40,0.3035865208193328,0.10369516947304253,0.4898979485566356,0.3,34.65003900009833,1.5416890000778949,13.0,0.6596153846153847,0.8028442146089206,0.24390243902439024,80.0,80.0
Long Beach VA,1,3,XGB,0,160,40,0.47235985235985234,0.27399831217559545,0.439696865275764,0.2,41.622575000019424,1.545965999866894,,,,,,
Long Beach VA,1,3,Class-XGB,0,160,40,0.36732380028820516,0.16162704595880897,0.5537749241945383,0.4,41.7231169999468,1.5469429999939166,,,,,,
Long Beach VA,1,3,SPW-XGB,0,160,40,0.3984523888743489,0.3418817293789138,0.6000000000000001,0.4,42.77150100006111,3.4394449999126664,,,,,,
Long Beach VA,1,3,Weighted-XGB,0,160,40,0.4861739270021004,0.13245323570650439,0.3109126351029605,0.1,42.77793300002486,1.6364640000574582,,,,,,
Long Beach VA,1,3,CB-XGB,0,160,40,0.42288988804785765,0.3333333333333333,0.6454972243679028,0.5,34.85119499987377,1.507051999851683,,,,,,
Long Beach VA,1,3,CMPSW,0,160,40,0.45969186291117237,0.4330127018922193,0.6708203932499369,0.5,35.31096999995498,1.6110869999010902,13.0,0.6673076923076924,0.8073691014867486,0.2607879924953096,80.0,80.0
Long Beach VA,1,4,XGB,0,160,40,0.4415534732902887,0.42023031949290335,0.7071067811865476,0.6,34.867966000092565,1.549746999899071,,,,,,
Long Beach VA,1,4,Class-XGB,0,160,40,0.3984599858953307,0.3211764393605811,0.6831300510639732,0.7,34.96847299993533,1.5795839999555028,,,,,,
Long Beach VA,1,4,SPW-XGB,0,160,40,0.40425655452278164,0.23570226039551584,0.6324555320336759,0.6,34.68277899992245,1.5768929999921966,,,,,,
Long Beach VA,1,4,Weighted-XGB,0,160,40,0.4080068996994993,0.37796447300922725,0.6928203230275509,0.6,40.694980000125724,3.937181999845052,,,,,,
Long Beach VA,1,4,CB-XGB,0,160,40,0.39953479789686686,0.28867513459481287,0.5887840577551898,0.4,39.119092999953864,1.6068819998054096,,,,,,
Long Beach VA,1,4,CMPSW,0,160,40,0.4162569680860535,0.20438500686582434,0.6164414002968976,0.6,34.49923999983184,1.49082399980216,13.0,0.6730769230769231,0.8144796380090499,0.2626641651031895,80.0,79.99999999999999
Long Beach VA,1,5,XGB,0,160,40,0.45492662381707094,0.16796775328675628,0.41143528879424496,0.18181818181818182,41.24018800007434,1.5885289999459928,,,,,,
Long Beach VA,1,5,Class-XGB,0,160,40,0.4891239399358802,0.12225705329153605,0.5252257314388902,0.36363636363636365,46.771143000114535,1.601001999915752,,,,,,
Long Beach VA,1,5,SPW-XGB,0,160,40,0.3522215910634028,0.12225705329153605,0.5252257314388902,0.36363636363636365,34.42608099999234,1.5193819999694824,,,,,,
Long Beach VA,1,5,Weighted-XGB,0,160,40,0.3542722253667108,0.16162704595880897,0.5370300307417596,0.36363636363636365,34.92877700000463,1.5137550001327327,,,,,,
Long Beach VA,1,5,CB-XGB,0,160,40,0.35780854557592523,0.11197850219117086,0.47508454947893747,0.2727272727272727,34.72155899999052,1.4994959999512503,,,,,,
Long Beach VA,1,5,CMPSW,0,160,40,0.4825199620077917,0.32988211874924067,0.6577247759342375,0.5454545454545454,35.290651999957845,1.5079239999522542,13.0,0.6716346153846153,0.808974358974359,0.25961538461538464,79.99999999999999,80.0
Long Beach VA,2,1,XGB,0,160,40,0.3520235396476055,0.08084520834544433,0.41633319989322654,0.2,36.53646599991589,1.5818079998553003,,,,,,
Long Beach VA,2,1,Class-XGB,0,160,40,0.3047976107439023,0.09245003270420486,0.529150262212918,0.4,41.824143999974694,1.5554770000107965,,,,,,
Long Beach VA,2,1,SPW-XGB,0,160,40,0.3864745237599928,0.03232540919176179,0.4690415759823429,0.3,41.45560300003126,2.600070999960735,,,,,,
Long Beach VA,2,1,Weighted-XGB,0,160,40,0.3651292251557678,0.0,0.458257569495584,0.3,35.112700000127006,1.4918279998710204,,,,,,
Long Beach VA,2,1,CB-XGB,0,160,40,0.37950738341241774,0.03232540919176179,0.4690415759823429,0.3,34.96094900015123,1.498911999988195,,,,,,
Long Beach VA,2,1,CMPSW,0,160,40,0.3984798617424812,0.029814239699997195,0.5033222956847166,0.4,574.0415819998361,26.400874000046315,13.0,0.6586538461538461,0.797672915319974,0.2551594746716698,80.00000000000004,80.00000000000001
Long Beach VA,2,2,XGB,0,160,40,0.36716472700360164,0.13245323570650439,0.3109126351029605,0.1,41.0635989999264,1.5189050000117277,,,,,,
Long Beach VA,2,2,Class-XGB,0,160,40,0.4167568412624527,0.2,0.5656854249492381,0.4,40.73907500014684,2.013794000049529,,,,,,
Long Beach VA,2,2,SPW-XGB,0,160,40,0.34993130603057077,0.10369516947304253,0.4898979485566356,0.3,35.43130699995345,1.5316989999973885,,,,,,
Long Beach VA,2,2,Weighted-XGB,0,160,40,0.3441907511992651,0.0,0.30000000000000004,0.1,35.367024999914065,1.6083349999007623,,,,,,
Long Beach VA,2,2,CB-XGB,0,160,40,0.3194587711199974,0.05479966243511909,0.30550504633038933,0.1,34.95996499987086,1.5710770001078345,,,,,,
Long Beach VA,2,2,CMPSW,0,160,40,0.532504721156037,0.30550504633038933,0.529150262212918,0.3,43.26095699980215,1.5844110000671208,13.0,0.664423076923077,0.8093083387201034,0.24390243902439024,80.00000000000001,80.0
Long Beach VA,2,3,XGB,0,160,40,0.7427078039713909,0.5773502691896257,0.6324555320336759,0.4,43.78975600002377,1.572264000060386,,,,,,
Long Beach VA,2,3,Class-XGB,0,160,40,0.6801373397843986,0.5495319562599505,0.7788880963698616,0.7,93.22004799992101,3.0650710000372783,,,,,,
Long Beach VA,2,3,SPW-XGB,0,160,40,0.7003800778182337,0.629940788348712,0.8326663997864531,0.8,41.5648670000337,1.5707820000443462,,,,,,
Long Beach VA,2,3,Weighted-XGB,0,160,40,0.7097405143875732,0.4938291646584311,0.6831300510639732,0.5,42.201916000067285,1.5850479999244271,,,,,,
Long Beach VA,2,3,CB-XGB,0,160,40,0.7436349178521339,0.48007935851918326,0.621825270205921,0.4,42.66364800014344,1.5931500001897803,,,,,,
Long Beach VA,2,3,CMPSW,0,160,40,0.7077463046213046,0.629940788348712,0.8326663997864531,0.8,41.629939999893395,1.5641649999906804,13.0,0.6495192307692308,0.7912087912087912,0.2382739212007505,80.00000000000003,80.0
Long Beach VA,2,4,XGB,0,160,40,0.2179920290951037,0.0,0.458257569495584,0.3,40.882745000089926,1.5653769999062206,,,,,,
Long Beach VA,2,4,Class-XGB,0,160,40,0.22689065564065564,0.029814239699997195,0.5033222956847166,0.4,41.104457000074035,1.5897470000254543,,,,,,
Long Beach VA,2,4,SPW-XGB,0,160,40,0.2697926162743096,0.08759357437106757,0.5477225575051661,0.5,67.39002300014363,3.1529820000741893,,,,,,
Long Beach VA,2,4,Weighted-XGB,0,160,40,0.24371190642737955,-0.029197858123689188,0.47609522856952335,0.4,43.94603100013228,1.6831940001793555,,,,,,
Long Beach VA,2,4,CB-XGB,0,160,40,0.2284600868284394,0.0,0.458257569495584,0.3,34.77970099993399,1.6030580000006012,,,,,,
Long Beach VA,2,4,CMPSW,0,160,40,0.24041379475051453,0.028903665650803996,0.5163977794943222,0.5,41.55013299987331,1.9803559998763376,13.0,0.6846153846153846,0.8222365869424693,0.28517823639774864,80.00000000000001,79.99999999999999
Long Beach VA,2,5,XGB,0,160,40,0.4539228539083224,0.0703917644729289,0.4650816492175019,0.2727272727272727,35.03664699996989,1.5127489998576493,,,,,,
Long Beach VA,2,5,Class-XGB,0,160,40,0.45108420832480695,0.10119453729458629,0.5457157159485412,0.45454545454545453,34.6416780000709,1.5120150001166621,,,,,,
Long Beach VA,2,5,SPW-XGB,0,160,40,0.42366751885578624,0.06857254813237416,0.5311606738473833,0.45454545454545453,35.21391100002802,1.5391919998819503,,,,,,
Long Beach VA,2,5,Weighted-XGB,0,160,40,0.43754327606842064,0.15006940110803024,0.5818573654517123,0.5454545454545454,35.412929999893095,1.5352410000559757,,,,,,
Long Beach VA,2,5,CB-XGB,0,160,40,0.439127303821111,0.21684543705982776,0.6133315160574595,0.5454545454545454,35.00197399989702,1.598728000317351,,,,,,
Long Beach VA,2,5,CMPSW,0,160,40,0.4388704879945837,0.16162704595880897,0.5370300307417596,0.36363636363636365,58.39595500037831,1.6353710002476873,13.0,0.6908653846153847,0.8301282051282051,0.2730769230769231,80.00000000000003,80.0
Long Beach VA,3,1,XGB,0,160,40,0.37857434616243,0.18993429409939655,0.5099019513592785,0.3,40.45607400030349,1.5498759998990863,,,,,,
Long Beach VA,3,1,Class-XGB,0,160,40,0.36222730595427954,0.14907119849998596,0.5773502691896257,0.5,41.80647400016824,1.5215970001918322,,,,,,
Long Beach VA,3,1,SPW-XGB,0,160,40,0.37018999295755217,0.14907119849998596,0.5773502691896257,0.5,63.013855000008334,3.4119120000468683,,,,,,
Long Beach VA,3,1,Weighted-XGB,0,160,40,0.3519005192733416,0.14907119849998596,0.5773502691896257,0.5,44.904006000251684,1.5553619996353518,,,,,,
Long Beach VA,3,1,CB-XGB,0,160,40,0.36519721458564164,0.24195539543709924,0.5773502691896258,0.4,41.38804199965307,1.5244020000864111,,,,,,
Long Beach VA,3,1,CMPSW,0,160,40,0.4733134447252094,0.18156825980064073,0.5916079783099616,0.5,35.03367800021806,1.485091000176908,13.0,0.6730769230769231,0.8106011635423401,0.273921200750469,80.00000000000001,80.00000000000001
Long Beach VA,3,2,XGB,0,160,40,0.31472526658243977,-0.08084520834544433,0.2886751345948129,0.1,41.663359999802196,1.6116329998112633,,,,,,
Long Beach VA,3,2,Class-XGB,0,160,40,0.3187428978402058,-0.03456505649101418,0.3915780041490244,0.2,42.138316000091436,1.5821759998289053,,,,,,
Long Beach VA,3,2,SPW-XGB,0,160,40,0.3198423644277729,-0.06666666666666667,0.38297084310253526,0.2,41.31129699999292,1.5622450000591925,,,,,,
Long Beach VA,3,2,Weighted-XGB,0,160,40,0.31882250819120717,-0.03456505649101418,0.3915780041490244,0.2,41.38806599985401,1.5383720001409529,,,,,,
Long Beach VA,3,2,CB-XGB,0,160,40,0.331420760621898,-0.03456505649101418,0.3915780041490244,0.2,41.423033000228315,1.5811459998076316,,,,,,
Long Beach VA,3,2,CMPSW,0,160,40,0.32946486906545,0.0,0.4,0.2,40.55141199978607,1.507269000285305,13.0,0.6745192307692307,0.8157724628312862,0.26454033771106944,80.0,80.0
Long Beach VA,3,3,XGB,0,160,40,0.5316036220401545,0.24253562503633297,0.5196152422706632,0.3,41.187578000062786,1.55789000018558,,,,,,
Long Beach VA,3,3,Class-XGB,0,160,40,0.5042761731346935,0.14433756729740643,0.5,0.3,41.57960300017294,1.5983660000529198,,,,,,
Long Beach VA,3,3,SPW-XGB,0,160,40,0.5274492437539123,0.2,0.5656854249492381,0.4,44.36422900016623,1.6024810001908918,,,,,,
Long Beach VA,3,3,Weighted-XGB,0,160,40,0.5422502976414266,0.18993429409939655,0.5099019513592785,0.3,41.7001830001027,1.53869499990833,,,,,,
Long Beach VA,3,3,CB-XGB,0,160,40,0.5395793130158455,0.30550504633038933,0.529150262212918,0.3,1748.0922220001958,28.12398200012467,,,,,,
Long Beach VA,3,3,CMPSW,0,160,40,0.5472136570326225,0.16162704595880897,0.5537749241945383,0.4,41.23096000012083,1.5784890001668828,13.0,0.6557692307692308,0.8028442146089204,0.22889305816135086,80.0,80.0
Long Beach VA,3,4,XGB,0,160,40,0.4037692968455219,0.13093073414159542,0.42426406871192857,0.2,42.419400999733625,1.6603300000497256,,,,,,
Long Beach VA,3,4,Class-XGB,0,160,40,0.41217456654389506,0.18156825980064073,0.5916079783099616,0.5,41.5204129999438,1.5694230000917742,,,,,,
Long Beach VA,3,4,SPW-XGB,0,160,40,0.4314926558619844,0.215716742976478,0.6055300708194983,0.5,57.47801999996227,1.6210799999498704,,,,,,
Long Beach VA,3,4,Weighted-XGB,0,160,40,0.43533803270736127,0.38021562140115595,0.6582805886043833,0.5,41.48597300036272,1.56205300027068,,,,,,
Long Beach VA,3,4,CB-XGB,0,160,40,0.4108465909208694,0.13093073414159542,0.42426406871192857,0.2,40.88105299979361,1.5569659999528085,,,,,,
Long Beach VA,3,4,CMPSW,0,160,40,0.42921343690848335,0.25197631533948484,0.6191391873668903,0.5,41.62168299990299,1.5462430001207395,13.0,0.6721153846153847,0.8093083387201033,0.27392120075046905,80.00000000000001,80.0
Long Beach VA,3,5,XGB,0,160,40,0.5510230589374974,0.2751053211988152,0.5039032598602688,0.2727272727272727,100.28559700003825,3.708478999669751,,,,,,
Long Beach VA,3,5,Class-XGB,0,160,40,0.5631115280311765,0.16162704595880897,0.5370300307417596,0.36363636363636365,41.89210499998808,1.573245000145107,,,,,,
Long Beach VA,3,5,SPW-XGB,0,160,40,0.5573353183926306,0.40942246376285996,0.7104239539580339,0.6363636363636364,42.24453500000891,1.5547259999948437,,,,,,
Long Beach VA,3,5,Weighted-XGB,0,160,40,0.5370888334215829,0.2116817097177376,0.4944836767609949,0.2727272727272727,75.33918099989023,1.5698360002716072,,,,,,
Long Beach VA,3,5,CB-XGB,0,160,40,0.5374543102556936,0.20447131584993633,0.5485803850589933,0.36363636363636365,47.916429999986576,1.9266330000391463,,,,,,
Long Beach VA,3,5,CMPSW,0,160,40,0.5889493149062527,0.391924757669098,0.6383756816889149,0.45454545454545453,66.82283800000732,3.488637999907951,13.0,0.6740384615384616,0.8153846153846156,0.25,79.99999999999999,80.0
Long Beach VA,4,1,XGB,0,160,40,0.4626052187420845,0.10369516947304253,0.4898979485566356,0.3,41.42289100036578,1.54196099992987,,,,,,
Long Beach VA,4,1,Class-XGB,0,160,40,0.39740305106082796,-0.060522753266880246,0.43588989435406733,0.3,41.42795300003854,1.6201180001189641,,,,,,
Long Beach VA,4,1,SPW-XGB,0,160,40,0.39296934162440955,-0.060522753266880246,0.43588989435406733,0.3,114.405103000081,5.759690000104456,,,,,,
Long Beach VA,4,1,Weighted-XGB,0,160,40,0.45088842567221216,0.03232540919176179,0.4690415759823429,0.3,41.41185799971936,1.5968779998729588,,,,,,
Long Beach VA,4,1,CB-XGB,0,160,40,0.43178299607169573,0.0,0.458257569495584,0.3,42.03827300034391,1.5645690000383183,,,,,,
Long Beach VA,4,1,CMPSW,0,160,40,0.3848603721624989,0.08759357437106757,0.5477225575051661,0.5,34.46922300008737,1.5239479998854222,13.0,0.6807692307692308,0.8196509372979963,0.2776735459662289,79.99999999999999,80.0
Long Beach VA,4,2,XGB,0,160,40,0.542102630255881,0.27399831217559545,0.439696865275764,0.2,39.33542899994791,1.5387919997920108,,,,,,
Long Beach VA,4,2,Class-XGB,0,160,40,0.6382319841530368,0.3333333333333333,0.6454972243679028,0.5,41.32553999988886,1.5873240004111722,,,,,,
Long Beach VA,4,2,SPW-XGB,0,160,40,0.5909543165812516,0.38021562140115595,0.6582805886043833,0.5,42.75336399996377,1.6875719998097338,,,,,,
Long Beach VA,4,2,Weighted-XGB,0,160,40,0.5738021631790982,0.38021562140115595,0.6582805886043833,0.5,47.74763900013568,1.5921419999358477,,,,,,
Long Beach VA,4,2,CB-XGB,0,160,40,0.5886675605096657,0.3333333333333333,0.6454972243679028,0.5,41.7819449999115,1.5576570003759116,,,,,,
Long Beach VA,4,2,CMPSW,0,160,40,0.5763656976128372,0.38021562140115595,0.6582805886043833,0.5,42.398900000080175,1.5574270000797696,13.0,0.6740384615384615,0.8222365869424694,0.24390243902439024,80.0,80.0
Long Beach VA,4,3,XGB,0,160,40,0.3456665104171498,0.18993429409939655,0.5099019513592785,0.3,35.75191799973254,1.581031000114308,,,,,,
Long Beach VA,4,3,Class-XGB,0,160,40,0.3156309111484774,0.08759357437106757,0.5477225575051661,0.5,35.45380500008832,1.537354999982199,,,,,,
Long Beach VA,4,3,SPW-XGB,0,160,40,0.3113653025904002,0.11785113019775792,0.5627314338711378,0.5,34.815715000149794,1.5555219997622771,,,,,,
Long Beach VA,4,3,Weighted-XGB,0,160,40,0.40687562761159474,0.029814239699997195,0.5033222956847166,0.4,39.160562999768445,2.1871819999432773,,,,,,
Long Beach VA,4,3,CB-XGB,0,160,40,0.3156309111484774,0.08759357437106757,0.5477225575051661,0.5,35.314474000188056,1.5261690000443195,,,,,,
Long Beach VA,4,3,CMPSW,0,160,40,0.5053894308306073,0.12598815766974242,0.5416025603090641,0.4,35.388736999721004,1.574301999880845,13.0,0.6605769230769232,0.7989657401422104,0.2589118198874297,80.00000000000003,80.0
Long Beach VA,4,4,XGB,0,160,40,0.2009924721260728,-0.09245003270420486,0.0,0.0,40.74055699993551,1.561495000260038,,,,,,
Long Beach VA,4,4,Class-XGB,0,160,40,0.19173230101689354,-0.24253562503633297,0.0,0.0,40.83825699990484,1.5440409997609095,,,,,,
Long Beach VA,4,4,SPW-XGB,0,160,40,0.20363948927988684,-0.08084520834544433,0.2886751345948129,0.1,42.89512199966339,1.6756649997660134,,,,,,
Long Beach VA,4,4,Weighted-XGB,0,160,40,0.2107278470987985,0.0,0.30000000000000004,0.1,539.756638000199,1.6440539998257009,,,,,,
Long Beach VA,4,4,CB-XGB,0,160,40,0.18808364175638342,-0.19245008972987526,0.0,0.0,42.49813300020833,1.6213949998018506,,,,,,
Long Beach VA,4,4,CMPSW,0,160,40,0.2711273422674091,0.19245008972987526,0.43204937989385733,0.2,34.914219999791385,1.6623960000288207,13.0,0.66875,0.8009049773755658,0.2851782363977486,79.99999999999997,80.0
Long Beach VA,4,5,XGB,0,160,40,0.5194269283550845,0.2116817097177376,0.4944836767609949,0.2727272727272727,63.77669500034244,4.757537999921624,,,,,,
Long Beach VA,4,5,Class-XGB,0,160,40,0.4820165218026181,-0.014456362470655184,0.4750845494789375,0.36363636363636365,34.94851400000698,1.5198549999695388,,,,,,
Long Beach VA,4,5,SPW-XGB,0,160,40,0.5116716828961763,0.20447131584993633,0.5485803850589933,0.36363636363636365,42.502366000007896,1.5322530002777057,,,,,,
Long Beach VA,4,5,Weighted-XGB,0,160,40,0.5084373259823887,0.16162704595880897,0.5370300307417596,0.36363636363636365,41.54365099975621,1.574720000007801,,,,,,
Long Beach VA,4,5,CB-XGB,0,160,40,0.4967780717415133,0.12225705329153605,0.5252257314388902,0.36363636363636365,41.62418099986098,1.6074159998424875,,,,,,
Long Beach VA,4,5,CMPSW,0,160,40,0.4758782795262694,0.0508042473282381,0.5007830858361344,0.36363636363636365,41.174306999891996,1.5622160003658792,13.0,0.66875,0.8089743589743591,0.24807692307692308,79.99999999999999,80.0
Long Beach VA,5,1,XGB,0,160,40,0.28543800716572987,0.05479966243511909,0.30550504633038933,0.1,34.43457700041108,1.545987000099558,,,,,,
Long Beach VA,5,1,Class-XGB,0,160,40,0.2908513198276997,-0.11396057645963793,0.28284271247461906,0.1,35.0426800000605,1.5668930000174441,,,,,,
Long Beach VA,5,1,SPW-XGB,0,160,40,0.31194670226929755,-0.08084520834544433,0.2886751345948129,0.1,36.564353000358096,1.5531469998677494,,,,,,
Long Beach VA,5,1,Weighted-XGB,0,160,40,0.35978280281592445,-0.04364357804719848,0.2943920288775949,0.1,43.495861000337754,1.5933160002532532,,,,,,
Long Beach VA,5,1,CB-XGB,0,160,40,0.29353418082635013,-0.11396057645963793,0.28284271247461906,0.1,35.344053999779135,1.5589969998472952,,,,,,
Long Beach VA,5,1,CMPSW,0,160,40,0.28004483284865933,-0.11396057645963793,0.28284271247461906,0.1,34.601776000272366,1.5054560003591178,13.0,0.6764423076923077,0.8177117000646412,0.2664165103189494,80.00000000000003,79.99999999999999
Long Beach VA,5,2,XGB,0,160,40,0.4370359982239539,0.05479966243511909,0.30550504633038933,0.1,46.68216400023084,1.580524000019068,,,,,,
Long Beach VA,5,2,Class-XGB,0,160,40,0.42476255770373417,0.18993429409939655,0.5099019513592785,0.3,41.89790800000992,1.5474810002160666,,,,,,
Long Beach VA,5,2,SPW-XGB,0,160,40,0.46689034590310347,0.24253562503633297,0.5196152422706632,0.3,41.42377099969963,1.566581999668415,,,,,,
Long Beach VA,5,2,Weighted-XGB,0,160,40,0.42964655832948295,0.24253562503633297,0.5196152422706632,0.3,34.696769999754906,1.478821000091557,,,,,,
Long Beach VA,5,2,CB-XGB,0,160,40,0.43047792523399236,0.05479966243511909,0.30550504633038933,0.1,41.44166800006133,1.5461279999726685,,,,,,
Long Beach VA,5,2,CMPSW,0,160,40,0.40082239690134425,0.10369516947304253,0.4898979485566356,0.3,34.91060500027743,1.53022599988617,13.0,0.6644230769230769,0.8093083387201034,0.24390243902439024,80.0,80.0
Long Beach VA,5,3,XGB,0,160,40,0.5836968673089362,0.30550504633038933,0.529150262212918,0.3,689.4780810002885,1.7175079997286957,,,,,,
Long Beach VA,5,3,Class-XGB,0,160,40,0.5634160415894163,0.3389834532487511,0.6782329983125268,0.6,35.42120600013732,1.499484999840206,,,,,,
Long Beach VA,5,3,SPW-XGB,0,160,40,0.541973258542224,0.42023031949290335,0.7071067811865476,0.6,41.86920700021801,1.5838550002627017,,,,,,
Long Beach VA,5,3,Weighted-XGB,0,160,40,0.5635783952889215,0.4938291646584311,0.6831300510639732,0.5,42.1051959997385,1.6086549999272393,,,,,,
Long Beach VA,5,3,CB-XGB,0,160,40,0.5498374601977543,0.4666666666666667,0.7211102550927979,0.6,42.52979900002174,1.6325500000675675,,,,,,
Long Beach VA,5,3,CMPSW,0,160,40,0.5563839552260604,0.46225016352102427,0.7483314773547882,0.7,35.33286199990471,1.515015999757452,13.0,0.6461538461538462,0.7828054298642535,0.24953095684803,80.0,80.00000000000001
Long Beach VA,5,4,XGB,0,160,40,0.6616077874653726,0.40422604172722165,0.6110100926607787,0.4,41.541011999925104,1.6167540002243186,,,,,,
Long Beach VA,5,4,Class-XGB,0,160,40,0.6367191092510784,0.42023031949290335,0.7071067811865476,0.6,42.14537999996537,1.638350000121136,,,,,,
Long Beach VA,5,4,SPW-XGB,0,160,40,0.6394043626222419,0.42023031949290335,0.7071067811865476,0.6,104.70680799971888,4.898562999642309,,,,,,
Long Beach VA,5,4,Weighted-XGB,0,160,40,0.603044733044733,0.3333333333333333,0.6454972243679028,0.5,41.46119100005308,1.5529120000792318,,,,,,
Long Beach VA,5,4,CB-XGB,0,160,40,0.6468092747216788,0.38021562140115595,0.6582805886043833,0.5,41.09374600011506,1.533638000182691,,,,,,
Long Beach VA,5,4,CMPSW,0,160,40,0.6254876491757296,0.3333333333333333,0.6454972243679028,0.5,35.06964000007429,1.5509200002270518,13.0,0.6711538461538462,0.8138332255979315,0.2570356472795497,80.0,80.00000000000001
Long Beach VA,5,5,XGB,0,160,40,0.3975674080040109,0.03719985174749849,0.29092868272585615,0.09090909090909091,41.238296999836166,1.6143570001077023,,,,,,
Long Beach VA,5,5,Class-XGB,0,160,40,0.3778520833571767,-0.06368778690407853,0.3713906763541037,0.18181818181818182,42.40289200015468,1.6102029999274237,,,,,,
Long Beach VA,5,5,SPW-XGB,0,160,40,0.3853118898829135,0.05488044326015419,0.3959037912324479,0.18181818181818182,41.93034199988688,1.5717240003141342,,,,,,
Long Beach VA,5,5,Weighted-XGB,0,160,40,0.40008802173158964,0.10580973892262123,0.4037442313999232,0.18181818181818182,46.237764000125026,1.6447719999632682,,,,,,
Long Beach VA,5,5,CB-XGB,0,160,40,0.37604262495554575,-0.003134796238244514,0.4444009034750091,0.2727272727272727,41.858363999836,1.5718600002401217,,,,,,
Long Beach VA,5,5,CMPSW,0,160,40,0.4864996193477123,0.2116817097177376,0.4944836767609949,0.2727272727272727,41.619147999881534,1.5830339998501586,13.0,0.6745192307692307,0.8134615384615386,0.25769230769230766,79.99999999999997,80.00000000000001
