Dataset,Method,AUC_PR_Mean,AUC_PR_SD,MCC_Mean,MCC_SD,G_Mean_Mean,G_Mean_SD,Sensitivity_Mean,Sensitivity_SD,Fit_ms_Mean,Predict_ms_Mean
Heart Failure,XGB,0.6289143371338876,0.10432100296190808,0.38429410554906324,0.15150116305889624,0.6494551543015824,0.096282972357994,0.5004210526315789,0.13757328274624073,62.26871804001348,3.1608003200199164
Heart Failure,Class-XGB,0.6318430707299805,0.10729437472692496,0.41100860117510984,0.12695214269287905,0.7056869643227421,0.0753340214939169,0.6548421052631581,0.12208437132223339,73.87966004000191,3.2239140000183397
Heart Failure,SPW-XGB,0.6360395736241311,0.1060708801898063,0.4269324188230771,0.11413400447559857,0.7132283222024154,0.06823471910175392,0.6651578947368421,0.12206687993211737,47.15698736001286,3.239757999963331
Heart Failure,Weighted-XGB,0.6336505656403706,0.10551887301335533,0.3989355397478161,0.11158171201600191,0.693241815657472,0.07316930711942012,0.6534736842105263,0.15450252278701826,52.28191799998058,1.9066944000587682
Heart Failure,CB-XGB,0.631767220115696,0.10187882895597258,0.39988598527203706,0.1343581449681352,0.683796383199606,0.08498928946688161,0.5862105263157894,0.13774642151056352,52.5632158800272,2.98637131999385
Heart Failure,CMPSW,0.6531659068841955,0.11587142275471801,0.4525525129469534,0.13729450054688402,0.719679974816146,0.07716365989042892,0.6402105263157896,0.11345971580204124,68.95075804001863,1.781328159986515
Long Beach VA,XGB,0.4420765927265505,0.1262686933766377,0.17903416769455144,0.16165199113288642,0.4432727353221674,0.1408876755045263,0.24363636363636362,0.12591264626858623,69.43170376003764,1.7849078399649443
Long Beach VA,Class-XGB,0.4266603552913207,0.12968146351364696,0.1282301508910373,0.17773690674310794,0.5189979881382447,0.15389379502485254,0.3970909090909091,0.17008991302366136,41.82415284003582,1.6454646000238426
Long Beach VA,SPW-XGB,0.4347403115202344,0.12253750160929186,0.17631303524346975,0.18592797733038577,0.546494611026301,0.13080421839457151,0.412,0.1726618695952329,67.92068176000612,2.2769638399859105
Long Beach VA,Weighted-XGB,0.4457941117242264,0.1223410177272186,0.17651035977432997,0.1787832614593886,0.5130855433227676,0.1298714070247357,0.3490909090909091,0.15583243101637675,62.279194560005635,1.6972760800126707
Long Beach VA,CB-XGB,0.43061491614482234,0.12915483327076657,0.14869485858563256,0.1760019368323217,0.49203520112384164,0.15461101324033316,0.3327272727272728,0.15719651332536894,108.57362763998935,2.66027108002163
Long Beach VA,CMPSW,0.4601383781217154,0.11837929457204228,0.2134635514566985,0.16934566184949562,0.5634649730774768,0.11300904356890698,0.424,0.15660129929904398,61.463578519988005,2.644812520038613
Z-Alizadeh Sani,XGB,0.8305568908989417,0.0780423008067834,0.6643236815039518,0.11646784959966774,0.8070730494739742,0.07287172990189762,0.7065359477124182,0.12401447686016942,155.70766187997833,3.471938360016793
Z-Alizadeh Sani,Class-XGB,0.8313530490118136,0.07736189648582252,0.6632731548916649,0.12079307307704441,0.8292837348600215,0.06643211577022426,0.7772549019607844,0.11564687979343766,67.08952872001646,2.078423759994621
Z-Alizadeh Sani,SPW-XGB,0.8230667627079751,0.08898926085178298,0.6679611181748959,0.1114397258896541,0.83128390978151,0.06036831080813364,0.7768627450980392,0.10588823647549853,69.58939831999487,1.8962256399663602
Z-Alizadeh Sani,Weighted-XGB,0.8242031101839943,0.08476299495992425,0.6738975321755981,0.10892750763746031,0.8291347744355296,0.05925240578884232,0.7677124183006536,0.10972040734210872,71.43631800002368,1.68119196000589
Z-Alizadeh Sani,CB-XGB,0.8299425551924376,0.08268687322498704,0.6555478033290192,0.10264358273335641,0.8133287266850663,0.054542086721332705,0.7308496732026144,0.09679162622488521,69.177537759997,1.7173937600273348
Z-Alizadeh Sani,CMPSW,0.8361514414983106,0.08757498331844683,0.6904422503295584,0.10436853051453199,0.8392220202045004,0.05861286442979661,0.7796078431372548,0.10325228776925713,63.19804316001864,1.7441833599968959
