Dataset,Method,AUC_PR,MCC,G_Mean,Sensitivity
Heart Failure,XGB,0.629 ± 0.104,0.384 ± 0.152,0.649 ± 0.096,0.500 ± 0.138
Heart Failure,Class-XGB,0.632 ± 0.107,0.411 ± 0.127,0.706 ± 0.075,0.655 ± 0.122
Heart Failure,SPW-XGB,0.636 ± 0.106,0.427 ± 0.114,0.713 ± 0.068,0.665 ± 0.122
Heart Failure,Weighted-XGB,0.634 ± 0.106,0.399 ± 0.112,0.693 ± 0.073,0.653 ± 0.155
Heart Failure,CB-XGB,0.632 ± 0.102,0.400 ± 0.134,0.684 ± 0.085,0.586 ± 0.138
Heart Failure,CMPSW,0.653 ± 0.116,0.453 ± 0.137,0.720 ± 0.077,0.640 ± 0.113
Long Beach VA,XGB,0.442 ± 0.126,0.179 ± 0.162,0.443 ± 0.141,0.244 ± 0.126
Long Beach VA,Class-XGB,0.427 ± 0.130,0.128 ± 0.178,0.519 ± 0.154,0.397 ± 0.170
Long Beach VA,SPW-XGB,0.435 ± 0.123,0.176 ± 0.186,0.546 ± 0.131,0.412 ± 0.173
Long Beach VA,Weighted-XGB,0.446 ± 0.122,0.177 ± 0.179,0.513 ± 0.130,0.349 ± 0.156
Long Beach VA,CB-XGB,0.431 ± 0.129,0.149 ± 0.176,0.492 ± 0.155,0.333 ± 0.157
Long Beach VA,CMPSW,0.460 ± 0.118,0.213 ± 0.169,0.563 ± 0.113,0.424 ± 0.157
Z-Alizadeh Sani,XGB,0.831 ± 0.078,0.664 ± 0.116,0.807 ± 0.073,0.707 ± 0.124
Z-Alizadeh Sani,Class-XGB,0.831 ± 0.077,0.663 ± 0.121,0.829 ± 0.066,0.777 ± 0.116
Z-Alizadeh Sani,SPW-XGB,0.823 ± 0.089,0.668 ± 0.111,0.831 ± 0.060,0.777 ± 0.106
Z-Alizadeh Sani,Weighted-XGB,0.824 ± 0.085,0.674 ± 0.109,0.829 ± 0.059,0.768 ± 0.110
Z-Alizadeh Sani,CB-XGB,0.830 ± 0.083,0.656 ± 0.103,0.813 ± 0.055,0.731 ± 0.097
Z-Alizadeh Sani,CMPSW,0.836 ± 0.088,0.690 ± 0.104,0.839 ± 0.059,0.780 ± 0.103
