Reference,Metric,Mean_Delta,Wins,Ties,Losses
XGB,AUC_PR,0.015969301914947224,48,0,27
XGB,MCC,0.042935453328548,50,3,22
XGB,G_Mean,0.07418867633346649,60,3,12
XGB,Sensitivity,0.1310750018242278,62,13,0
Class-XGB,AUC_PR,0.019866417157035552,46,0,29
Class-XGB,MCC,0.05131546925846605,51,8,16
Class-XGB,G_Mean,0.02279942692570509,45,8,22
Class-XGB,Sensitivity,0.004876817712731016,22,31,22
SPW-XGB,AUC_PR,0.01853635955062691,50,0,25
SPW-XGB,MCC,0.028417247497255875,45,6,24
SPW-XGB,G_Mean,0.010453375029298941,41,6,28
SPW-XGB,Sensitivity,-0.003400756793945652,18,32,25
Weighted-XGB,AUC_PR,0.015269312985210034,48,0,27
Weighted-XGB,MCC,0.035704961011822016,47,10,18
Weighted-XGB,G_Mean,0.0289682782274514,46,11,18
Weighted-XGB,Sensitivity,0.024513785950318456,30,28,17
CB-XGB,AUC_PR,0.01904367835042181,48,0,27
CB-XGB,MCC,0.050776555848840485,54,3,18
CB-XGB,G_Mean,0.044402219029869815,55,3,17
CB-XGB,Sensitivity,0.06467696573578927,42,24,9
