Dataset,Repeat,Fold,Method,Depth,Learning_Rate,Alpha,Beta,Inner_AUC_PR,Positive_Weight
Z-Alizadeh Sani,1,1,XGB,3,0.1,,,0.8001662941968327,1.0
Z-Alizadeh Sani,1,1,Class-XGB,2,0.1,,,0.7867214520229734,1.0
Z-Alizadeh Sani,1,1,SPW-XGB,3,0.05,,,0.7882254969009296,2.4571428571428573
Z-Alizadeh Sani,1,1,Weighted-XGB,3,0.1,1.5,,0.7972210711584365,1.5
Z-Alizadeh Sani,1,1,CB-XGB,3,0.1,,0.9,0.8014438885804515,1.0
Z-Alizadeh Sani,1,1,CMPSW,2,0.05,,,0.8023318224410206,1.0
Z-Alizadeh Sani,1,2,XGB,2,0.05,,,0.7961901513231474,1.0
Z-Alizadeh Sani,1,2,Class-XGB,2,0.05,,,0.79734985940065,1.0
Z-Alizadeh Sani,1,2,SPW-XGB,2,0.05,,,0.8037640078028474,2.5072463768115942
Z-Alizadeh Sani,1,2,Weighted-XGB,2,0.05,3.0,,0.8048870990365353,3.0
Z-Alizadeh Sani,1,2,CB-XGB,2,0.05,,0.99,0.8043488114272498,1.0
Z-Alizadeh Sani,1,2,CMPSW,2,0.05,,,0.8059619288020788,1.0
Z-Alizadeh Sani,1,3,XGB,2,0.05,,,0.8157431861388257,1.0
Z-Alizadeh Sani,1,3,Class-XGB,2,0.1,,,0.8157388754807036,1.0
Z-Alizadeh Sani,1,3,SPW-XGB,2,0.05,,,0.8214336565206768,2.5072463768115942
Z-Alizadeh Sani,1,3,Weighted-XGB,2,0.05,1.5,,0.82559968801342,1.5
Z-Alizadeh Sani,1,3,CB-XGB,2,0.1,,0.999,0.819857543553875,1.0
Z-Alizadeh Sani,1,3,CMPSW,3,0.1,,,0.8356178445134445,1.0
Z-Alizadeh Sani,1,4,XGB,2,0.05,,,0.8111628604556275,1.0
Z-Alizadeh Sani,1,4,Class-XGB,2,0.05,,,0.8155882877178383,1.0
Z-Alizadeh Sani,1,4,SPW-XGB,2,0.05,,,0.8107187832259718,2.4714285714285715
Z-Alizadeh Sani,1,4,Weighted-XGB,2,0.1,1.5,,0.8156575502035306,1.5
Z-Alizadeh Sani,1,4,CB-XGB,2,0.05,,0.99,0.8179849751590208,1.0
Z-Alizadeh Sani,1,4,CMPSW,2,0.05,,,0.795020807586115,1.0
Z-Alizadeh Sani,1,5,XGB,2,0.05,,,0.8710841320527393,1.0
Z-Alizadeh Sani,1,5,Class-XGB,2,0.1,,,0.8721286224603794,1.0
Z-Alizadeh Sani,1,5,SPW-XGB,2,0.05,,,0.8699358205669299,2.4714285714285715
Z-Alizadeh Sani,1,5,Weighted-XGB,2,0.05,3.0,,0.8768945522603812,3.0
Z-Alizadeh Sani,1,5,CB-XGB,2,0.05,,0.999,0.8746572386071004,1.0
Z-Alizadeh Sani,1,5,CMPSW,2,0.05,,,0.8837094791639019,1.0
Z-Alizadeh Sani,2,1,XGB,2,0.05,,,0.7878892027486389,1.0
Z-Alizadeh Sani,2,1,Class-XGB,2,0.05,,,0.7924069185558199,1.0
Z-Alizadeh Sani,2,1,SPW-XGB,2,0.05,,,0.7950905430485585,2.4571428571428573
Z-Alizadeh Sani,2,1,Weighted-XGB,2,0.05,1.5,,0.8002394857206981,1.5
Z-Alizadeh Sani,2,1,CB-XGB,2,0.05,,0.99,0.7931352900303676,1.0
Z-Alizadeh Sani,2,1,CMPSW,2,0.05,,,0.7739969605443241,1.0
Z-Alizadeh Sani,2,2,XGB,3,0.1,,,0.757829678559868,1.0
Z-Alizadeh Sani,2,2,Class-XGB,3,0.1,,,0.7765963752746914,1.0
Z-Alizadeh Sani,2,2,SPW-XGB,2,0.1,,,0.7654606229608977,2.5072463768115942
Z-Alizadeh Sani,2,2,Weighted-XGB,2,0.1,4.0,,0.7659682716487254,4.0
Z-Alizadeh Sani,2,2,CB-XGB,2,0.1,,0.999,0.7710635185276827,1.0
Z-Alizadeh Sani,2,2,CMPSW,3,0.1,,,0.7799883685253262,1.0
Z-Alizadeh Sani,2,3,XGB,2,0.05,,,0.7930353519849355,1.0
Z-Alizadeh Sani,2,3,Class-XGB,2,0.05,,,0.7852446669650348,1.0
Z-Alizadeh Sani,2,3,SPW-XGB,2,0.05,,,0.78319549513284,2.5072463768115942
Z-Alizadeh Sani,2,3,Weighted-XGB,2,0.05,3.0,,0.7943995046969076,3.0
Z-Alizadeh Sani,2,3,CB-XGB,2,0.05,,0.999,0.7933493794360481,1.0
Z-Alizadeh Sani,2,3,CMPSW,2,0.1,,,0.7913383128832802,1.0
Z-Alizadeh Sani,2,4,XGB,2,0.05,,,0.8000149675427174,1.0
Z-Alizadeh Sani,2,4,Class-XGB,2,0.05,,,0.8023964878680236,1.0
Z-Alizadeh Sani,2,4,SPW-XGB,2,0.05,,,0.8070457176021787,2.4714285714285715
Z-Alizadeh Sani,2,4,Weighted-XGB,2,0.05,1.5,,0.8120239753600184,1.5
Z-Alizadeh Sani,2,4,CB-XGB,2,0.05,,0.99,0.8145178097087592,1.0
Z-Alizadeh Sani,2,4,CMPSW,2,0.05,,,0.8168079948578105,1.0
Z-Alizadeh Sani,2,5,XGB,3,0.1,,,0.805693019769985,1.0
Z-Alizadeh Sani,2,5,Class-XGB,3,0.1,,,0.8080430988775295,1.0
Z-Alizadeh Sani,2,5,SPW-XGB,3,0.1,,,0.8016778433553778,2.4714285714285715
Z-Alizadeh Sani,2,5,Weighted-XGB,3,0.1,1.5,,0.8096176883990349,1.5
Z-Alizadeh Sani,2,5,CB-XGB,3,0.1,,0.9,0.812382999692808,1.0
Z-Alizadeh Sani,2,5,CMPSW,2,0.1,,,0.8014375123598722,1.0
Z-Alizadeh Sani,3,1,XGB,3,0.1,,,0.7753333606589297,1.0
Z-Alizadeh Sani,3,1,Class-XGB,3,0.1,,,0.775516227463168,1.0
Z-Alizadeh Sani,3,1,SPW-XGB,3,0.1,,,0.7770050637183212,2.4571428571428573
Z-Alizadeh Sani,3,1,Weighted-XGB,3,0.1,2.0,,0.7813120972779476,2.0
Z-Alizadeh Sani,3,1,CB-XGB,3,0.1,,0.9,0.7769544229910771,1.0
Z-Alizadeh Sani,3,1,CMPSW,2,0.05,,,0.772332465641863,1.0
Z-Alizadeh Sani,3,2,XGB,3,0.05,,,0.8230890947855979,1.0
Z-Alizadeh Sani,3,2,Class-XGB,3,0.05,,,0.8221449970579,1.0
Z-Alizadeh Sani,3,2,SPW-XGB,2,0.05,,,0.8226360910100832,2.5072463768115942
Z-Alizadeh Sani,3,2,Weighted-XGB,2,0.05,2.0,,0.8264091866136504,2.0
Z-Alizadeh Sani,3,2,CB-XGB,2,0.05,,0.9,0.8211416939876793,1.0
Z-Alizadeh Sani,3,2,CMPSW,2,0.05,,,0.8209719635459205,1.0
Z-Alizadeh Sani,3,3,XGB,2,0.1,,,0.7597918958506927,1.0
Z-Alizadeh Sani,3,3,Class-XGB,2,0.1,,,0.7544494158784819,1.0
Z-Alizadeh Sani,3,3,SPW-XGB,2,0.1,,,0.7547197357980179,2.5072463768115942
Z-Alizadeh Sani,3,3,Weighted-XGB,2,0.1,1.5,,0.7622263658313603,1.5
Z-Alizadeh Sani,3,3,CB-XGB,2,0.1,,0.99,0.7642732529819719,1.0
Z-Alizadeh Sani,3,3,CMPSW,2,0.1,,,0.7635587907279109,1.0
Z-Alizadeh Sani,3,4,XGB,2,0.05,,,0.7961605880466746,1.0
Z-Alizadeh Sani,3,4,Class-XGB,2,0.05,,,0.7990161835714562,1.0
Z-Alizadeh Sani,3,4,SPW-XGB,3,0.1,,,0.8022263876135584,2.4714285714285715
Z-Alizadeh Sani,3,4,Weighted-XGB,2,0.05,3.0,,0.8135349202625392,3.0
Z-Alizadeh Sani,3,4,CB-XGB,3,0.1,,0.99,0.8091824260418883,1.0
Z-Alizadeh Sani,3,4,CMPSW,2,0.1,,,0.8200269111427968,1.0
Z-Alizadeh Sani,3,5,XGB,3,0.1,,,0.7643528650707636,1.0
Z-Alizadeh Sani,3,5,Class-XGB,2,0.1,,,0.7722932745861085,1.0
Z-Alizadeh Sani,3,5,SPW-XGB,2,0.05,,,0.7677379262420496,2.4714285714285715
Z-Alizadeh Sani,3,5,Weighted-XGB,3,0.1,2.0,,0.7808664552931736,2.0
Z-Alizadeh Sani,3,5,CB-XGB,3,0.1,,0.99,0.7731289005681713,1.0
Z-Alizadeh Sani,3,5,CMPSW,2,0.1,,,0.7622051946503324,1.0
Z-Alizadeh Sani,4,1,XGB,2,0.05,,,0.7407917082075045,1.0
Z-Alizadeh Sani,4,1,Class-XGB,2,0.05,,,0.7496700566229529,1.0
Z-Alizadeh Sani,4,1,SPW-XGB,3,0.1,,,0.7490315398828628,2.4571428571428573
Z-Alizadeh Sani,4,1,Weighted-XGB,3,0.1,1.5,,0.7539423895089247,1.5
Z-Alizadeh Sani,4,1,CB-XGB,3,0.1,,0.999,0.7549184028718215,1.0
Z-Alizadeh Sani,4,1,CMPSW,2,0.05,,,0.7439277938368809,1.0
Z-Alizadeh Sani,4,2,XGB,2,0.1,,,0.795170197431951,1.0
Z-Alizadeh Sani,4,2,Class-XGB,3,0.05,,,0.8007034564215118,1.0
Z-Alizadeh Sani,4,2,SPW-XGB,3,0.1,,,0.7972374231077222,2.5072463768115942
Z-Alizadeh Sani,4,2,Weighted-XGB,3,0.1,2.0,,0.8072581893208586,2.0
Z-Alizadeh Sani,4,2,CB-XGB,3,0.1,,0.99,0.8021817535659075,1.0
Z-Alizadeh Sani,4,2,CMPSW,2,0.1,,,0.8000999770465201,1.0
Z-Alizadeh Sani,4,3,XGB,2,0.05,,,0.8526333704936802,1.0
Z-Alizadeh Sani,4,3,Class-XGB,2,0.1,,,0.8543193812070266,1.0
Z-Alizadeh Sani,4,3,SPW-XGB,3,0.1,,,0.8516611001895408,2.5072463768115942
Z-Alizadeh Sani,4,3,Weighted-XGB,3,0.1,2.0,,0.8577798767427782,2.0
Z-Alizadeh Sani,4,3,CB-XGB,2,0.05,,0.99,0.8538558967512992,1.0
Z-Alizadeh Sani,4,3,CMPSW,2,0.05,,,0.8528626605215734,1.0
Z-Alizadeh Sani,4,4,XGB,3,0.05,,,0.7591020455423766,1.0
Z-Alizadeh Sani,4,4,Class-XGB,3,0.05,,,0.7557654026509436,1.0
Z-Alizadeh Sani,4,4,SPW-XGB,3,0.1,,,0.7534179352281328,2.4714285714285715
Z-Alizadeh Sani,4,4,Weighted-XGB,3,0.1,2.5,,0.766554057434886,2.5
Z-Alizadeh Sani,4,4,CB-XGB,3,0.05,,0.9,0.758896806903362,1.0
Z-Alizadeh Sani,4,4,CMPSW,2,0.05,,,0.7554830208572039,1.0
Z-Alizadeh Sani,4,5,XGB,2,0.05,,,0.8295017007674451,1.0
Z-Alizadeh Sani,4,5,Class-XGB,2,0.05,,,0.8338474393053336,1.0
Z-Alizadeh Sani,4,5,SPW-XGB,3,0.05,,,0.8346066159642608,2.4714285714285715
Z-Alizadeh Sani,4,5,Weighted-XGB,2,0.05,3.0,,0.8348432202214302,3.0
Z-Alizadeh Sani,4,5,CB-XGB,3,0.05,,0.99,0.834192804220553,1.0
Z-Alizadeh Sani,4,5,CMPSW,2,0.05,,,0.8501355018886402,1.0
Z-Alizadeh Sani,5,1,XGB,2,0.05,,,0.7384745241461094,1.0
Z-Alizadeh Sani,5,1,Class-XGB,2,0.1,,,0.7291653009246323,1.0
Z-Alizadeh Sani,5,1,SPW-XGB,2,0.1,,,0.7442019978382118,2.4571428571428573
Z-Alizadeh Sani,5,1,Weighted-XGB,2,0.1,2.5,,0.744265577713047,2.5
Z-Alizadeh Sani,5,1,CB-XGB,3,0.1,,0.9,0.7401818678644667,1.0
Z-Alizadeh Sani,5,1,CMPSW,2,0.1,,,0.7464777691129921,1.0
Z-Alizadeh Sani,5,2,XGB,2,0.05,,,0.8278881086805727,1.0
Z-Alizadeh Sani,5,2,Class-XGB,2,0.05,,,0.8305699918127573,1.0
Z-Alizadeh Sani,5,2,SPW-XGB,2,0.05,,,0.8323657565706565,2.5072463768115942
Z-Alizadeh Sani,5,2,Weighted-XGB,2,0.05,4.0,,0.8386270759508799,4.0
Z-Alizadeh Sani,5,2,CB-XGB,2,0.05,,0.99,0.8302277713377929,1.0
Z-Alizadeh Sani,5,2,CMPSW,2,0.1,,,0.8273039195086637,1.0
Z-Alizadeh Sani,5,3,XGB,2,0.1,,,0.8926347956340365,1.0
Z-Alizadeh Sani,5,3,Class-XGB,2,0.1,,,0.8936547409055059,1.0
Z-Alizadeh Sani,5,3,SPW-XGB,3,0.1,,,0.8902097359482779,2.5072463768115942
Z-Alizadeh Sani,5,3,Weighted-XGB,3,0.1,2.5,,0.8966322206121564,2.5
Z-Alizadeh Sani,5,3,CB-XGB,2,0.1,,0.9,0.8931184372419662,1.0
Z-Alizadeh Sani,5,3,CMPSW,2,0.1,,,0.8878698635813137,1.0
Z-Alizadeh Sani,5,4,XGB,3,0.05,,,0.7916323674678347,1.0
Z-Alizadeh Sani,5,4,Class-XGB,3,0.05,,,0.7936814541376891,1.0
Z-Alizadeh Sani,5,4,SPW-XGB,3,0.05,,,0.7861212395074322,2.4714285714285715
Z-Alizadeh Sani,5,4,Weighted-XGB,3,0.05,1.5,,0.7969530854795845,1.5
Z-Alizadeh Sani,5,4,CB-XGB,3,0.05,,0.999,0.7961426440636757,1.0
Z-Alizadeh Sani,5,4,CMPSW,2,0.05,,,0.803121926317238,1.0
Z-Alizadeh Sani,5,5,XGB,2,0.1,,,0.8323067817996668,1.0
Z-Alizadeh Sani,5,5,Class-XGB,2,0.1,,,0.8364615101002446,1.0
Z-Alizadeh Sani,5,5,SPW-XGB,2,0.05,,,0.8322106399709112,2.4714285714285715
Z-Alizadeh Sani,5,5,Weighted-XGB,2,0.1,2.5,,0.8466120733324575,2.5
Z-Alizadeh Sani,5,5,CB-XGB,2,0.05,,0.999,0.8375484410845938,1.0
Z-Alizadeh Sani,5,5,CMPSW,2,0.1,,,0.8317795561660369,1.0
Heart Failure,1,1,XGB,3,0.05,,,0.5915710877068773,1.0
Heart Failure,1,1,Class-XGB,2,0.05,,,0.604404926635085,1.0
Heart Failure,1,1,SPW-XGB,2,0.05,,,0.6086494485304933,2.1447368421052633
Heart Failure,1,1,Weighted-XGB,2,0.05,1.5,,0.6216356686655603,1.5
Heart Failure,1,1,CB-XGB,2,0.05,,0.999,0.6144452768809932,1.0
Heart Failure,1,1,CMPSW,2,0.05,,,0.6095405475880139,1.0
Heart Failure,1,2,XGB,2,0.05,,,0.5798197999853575,1.0
Heart Failure,1,2,Class-XGB,2,0.1,,,0.5814386531241919,1.0
Heart Failure,1,2,SPW-XGB,2,0.1,,,0.5824335089376916,2.103896103896104
Heart Failure,1,2,Weighted-XGB,3,0.05,3.0,,0.5816036123545382,3.0
Heart Failure,1,2,CB-XGB,3,0.1,,0.99,0.580729027652062,1.0
Heart Failure,1,2,CMPSW,2,0.05,,,0.6265470289444061,1.0
Heart Failure,1,3,XGB,2,0.05,,,0.6864516019610686,1.0
Heart Failure,1,3,Class-XGB,2,0.05,,,0.686531031733737,1.0
Heart Failure,1,3,SPW-XGB,2,0.05,,,0.687042964136079,2.103896103896104
Heart Failure,1,3,Weighted-XGB,2,0.05,2.0,,0.6938296932044077,2.0
Heart Failure,1,3,CB-XGB,2,0.05,,0.99,0.6889157145929339,1.0
Heart Failure,1,3,CMPSW,2,0.1,,,0.6668970563903578,1.0
Heart Failure,1,4,XGB,3,0.05,,,0.5294094641117448,1.0
Heart Failure,1,4,Class-XGB,2,0.05,,,0.5491248894422298,1.0
Heart Failure,1,4,SPW-XGB,2,0.05,,,0.5515475779361475,2.103896103896104
Heart Failure,1,4,Weighted-XGB,2,0.05,4.0,,0.5635425115237302,4.0
Heart Failure,1,4,CB-XGB,2,0.1,,0.99,0.553119428943803,1.0
Heart Failure,1,4,CMPSW,2,0.05,,,0.5753013056127918,1.0
Heart Failure,1,5,XGB,2,0.05,,,0.6710551274698892,1.0
Heart Failure,1,5,Class-XGB,2,0.05,,,0.6551658954128472,1.0
Heart Failure,1,5,SPW-XGB,2,0.05,,,0.6470643664729876,2.116883116883117
Heart Failure,1,5,Weighted-XGB,2,0.05,1.5,,0.6605397485499725,1.5
Heart Failure,1,5,CB-XGB,2,0.05,,0.9,0.6702115692975257,1.0
Heart Failure,1,5,CMPSW,2,0.05,,,0.662911609115392,1.0
Heart Failure,2,1,XGB,2,0.05,,,0.619210727013322,1.0
Heart Failure,2,1,Class-XGB,2,0.05,,,0.6018608958566468,1.0
Heart Failure,2,1,SPW-XGB,2,0.05,,,0.5902745663949757,2.1447368421052633
Heart Failure,2,1,Weighted-XGB,2,0.05,1.5,,0.6121959372857357,1.5
Heart Failure,2,1,CB-XGB,2,0.05,,0.9,0.6316696563728872,1.0
Heart Failure,2,1,CMPSW,2,0.05,,,0.6399994158754446,1.0
Heart Failure,2,2,XGB,3,0.05,,,0.6635281893769637,1.0
Heart Failure,2,2,Class-XGB,3,0.05,,,0.659312493997318,1.0
Heart Failure,2,2,SPW-XGB,2,0.05,,,0.6489639228540939,2.103896103896104
Heart Failure,2,2,Weighted-XGB,3,0.05,1.5,,0.6642558009214659,1.5
Heart Failure,2,2,CB-XGB,2,0.05,,0.99,0.666101624753448,1.0
Heart Failure,2,2,CMPSW,2,0.05,,,0.6894684621318028,1.0
Heart Failure,2,3,XGB,2,0.1,,,0.5951094017621813,1.0
Heart Failure,2,3,Class-XGB,3,0.1,,,0.5822301282978231,1.0
Heart Failure,2,3,SPW-XGB,2,0.05,,,0.5883363327067613,2.103896103896104
Heart Failure,2,3,Weighted-XGB,2,0.05,4.0,,0.599208818003624,4.0
Heart Failure,2,3,CB-XGB,2,0.1,,0.9,0.5997658471268189,1.0
Heart Failure,2,3,CMPSW,2,0.05,,,0.6232827885880319,1.0
Heart Failure,2,4,XGB,2,0.05,,,0.5613444978942305,1.0
Heart Failure,2,4,Class-XGB,3,0.05,,,0.5627131248171062,1.0
Heart Failure,2,4,SPW-XGB,2,0.05,,,0.5774165057387236,2.103896103896104
Heart Failure,2,4,Weighted-XGB,2,0.05,1.5,,0.578029558809596,1.5
Heart Failure,2,4,CB-XGB,2,0.05,,0.999,0.5672920356107188,1.0
Heart Failure,2,4,CMPSW,2,0.05,,,0.6104946748129362,1.0
Heart Failure,2,5,XGB,2,0.05,,,0.5270146756773761,1.0
Heart Failure,2,5,Class-XGB,2,0.05,,,0.5189930003697932,1.0
Heart Failure,2,5,SPW-XGB,2,0.05,,,0.5169502814613312,2.116883116883117
Heart Failure,2,5,Weighted-XGB,2,0.05,4.0,,0.5260766426556128,4.0
Heart Failure,2,5,CB-XGB,2,0.05,,0.99,0.5311822092862895,1.0
Heart Failure,2,5,CMPSW,2,0.05,,,0.5646176178485021,1.0
Heart Failure,3,1,XGB,2,0.05,,,0.5389657201663286,1.0
Heart Failure,3,1,Class-XGB,2,0.05,,,0.5402067337790658,1.0
Heart Failure,3,1,SPW-XGB,2,0.05,,,0.53672051018184,2.1447368421052633
Heart Failure,3,1,Weighted-XGB,2,0.1,2.5,,0.5511387833468809,2.5
Heart Failure,3,1,CB-XGB,2,0.05,,0.999,0.5419550335933399,1.0
Heart Failure,3,1,CMPSW,2,0.05,,,0.5817841395828457,1.0
Heart Failure,3,2,XGB,2,0.05,,,0.6243644920318618,1.0
Heart Failure,3,2,Class-XGB,2,0.05,,,0.6204425824130524,1.0
Heart Failure,3,2,SPW-XGB,2,0.05,,,0.6091510814844379,2.103896103896104
Heart Failure,3,2,Weighted-XGB,2,0.05,2.0,,0.6118859127982237,2.0
Heart Failure,3,2,CB-XGB,2,0.05,,0.999,0.6275574805794651,1.0
Heart Failure,3,2,CMPSW,2,0.05,,,0.6389178966229171,1.0
Heart Failure,3,3,XGB,2,0.05,,,0.5652488969733592,1.0
Heart Failure,3,3,Class-XGB,2,0.05,,,0.5563926511509308,1.0
Heart Failure,3,3,SPW-XGB,2,0.05,,,0.5662089691546809,2.103896103896104
Heart Failure,3,3,Weighted-XGB,2,0.05,4.0,,0.5755739898585629,4.0
Heart Failure,3,3,CB-XGB,2,0.05,,0.99,0.5664412114922954,1.0
Heart Failure,3,3,CMPSW,2,0.05,,,0.5643095795516512,1.0
Heart Failure,3,4,XGB,3,0.05,,,0.6241002733056489,1.0
Heart Failure,3,4,Class-XGB,3,0.05,,,0.6257646762484249,1.0
Heart Failure,3,4,SPW-XGB,3,0.05,,,0.6161289934132629,2.103896103896104
Heart Failure,3,4,Weighted-XGB,3,0.1,1.5,,0.6254554675398195,1.5
Heart Failure,3,4,CB-XGB,3,0.1,,0.9,0.6250574220432683,1.0
Heart Failure,3,4,CMPSW,3,0.05,,,0.6461179497131115,1.0
Heart Failure,3,5,XGB,3,0.05,,,0.6541334874565715,1.0
Heart Failure,3,5,Class-XGB,2,0.05,,,0.6493698256015668,1.0
Heart Failure,3,5,SPW-XGB,2,0.05,,,0.6559841762677862,2.116883116883117
Heart Failure,3,5,Weighted-XGB,2,0.05,4.0,,0.6591584979997903,4.0
Heart Failure,3,5,CB-XGB,2,0.05,,0.999,0.656158349856454,1.0
Heart Failure,3,5,CMPSW,3,0.05,,,0.6940491498442162,1.0
Heart Failure,4,1,XGB,2,0.05,,,0.5274882310309091,1.0
Heart Failure,4,1,Class-XGB,2,0.05,,,0.5179260272419781,1.0
Heart Failure,4,1,SPW-XGB,2,0.05,,,0.5191322366183669,2.1447368421052633
Heart Failure,4,1,Weighted-XGB,2,0.05,2.5,,0.5155393863646657,2.5
Heart Failure,4,1,CB-XGB,2,0.05,,0.9,0.5288720856627366,1.0
Heart Failure,4,1,CMPSW,2,0.05,,,0.5506831812686411,1.0
Heart Failure,4,2,XGB,2,0.05,,,0.6838346094920021,1.0
Heart Failure,4,2,Class-XGB,3,0.05,,,0.6769430089876515,1.0
Heart Failure,4,2,SPW-XGB,3,0.05,,,0.6619656006142748,2.103896103896104
Heart Failure,4,2,Weighted-XGB,2,0.05,4.0,,0.677941880025109,4.0
Heart Failure,4,2,CB-XGB,2,0.05,,0.9,0.6858884931812422,1.0
Heart Failure,4,2,CMPSW,2,0.05,,,0.7103357080478078,1.0
Heart Failure,4,3,XGB,3,0.1,,,0.6092260535292482,1.0
Heart Failure,4,3,Class-XGB,2,0.05,,,0.6166178725731679,1.0
Heart Failure,4,3,SPW-XGB,2,0.05,,,0.6100400662598675,2.103896103896104
Heart Failure,4,3,Weighted-XGB,2,0.05,3.0,,0.6201150847191009,3.0
Heart Failure,4,3,CB-XGB,2,0.05,,0.999,0.6144265341782195,1.0
Heart Failure,4,3,CMPSW,2,0.05,,,0.6146376976190896,1.0
Heart Failure,4,4,XGB,2,0.05,,,0.6931228414620983,1.0
Heart Failure,4,4,Class-XGB,2,0.05,,,0.6972678095564592,1.0
Heart Failure,4,4,SPW-XGB,2,0.05,,,0.6813671567014854,2.103896103896104
Heart Failure,4,4,Weighted-XGB,2,0.05,1.5,,0.6932424845499541,1.5
Heart Failure,4,4,CB-XGB,2,0.05,,0.999,0.7033587298855227,1.0
Heart Failure,4,4,CMPSW,3,0.05,,,0.6775967863202,1.0
Heart Failure,4,5,XGB,3,0.05,,,0.6491553647848298,1.0
Heart Failure,4,5,Class-XGB,2,0.05,,,0.6509045871751221,1.0
Heart Failure,4,5,SPW-XGB,3,0.05,,,0.6546985871000938,2.116883116883117
Heart Failure,4,5,Weighted-XGB,3,0.05,4.0,,0.659959793191009,4.0
Heart Failure,4,5,CB-XGB,2,0.05,,0.999,0.6481768925645569,1.0
Heart Failure,4,5,CMPSW,2,0.05,,,0.6632425456484248,1.0
Heart Failure,5,1,XGB,2,0.05,,,0.5627752727434115,1.0
Heart Failure,5,1,Class-XGB,2,0.05,,,0.5473948053314084,1.0
Heart Failure,5,1,SPW-XGB,2,0.05,,,0.5414593715408653,2.1447368421052633
Heart Failure,5,1,Weighted-XGB,2,0.05,1.5,,0.5482276923866715,1.5
Heart Failure,5,1,CB-XGB,2,0.05,,0.9,0.5653572698206176,1.0
Heart Failure,5,1,CMPSW,2,0.05,,,0.6270861098705385,1.0
Heart Failure,5,2,XGB,2,0.05,,,0.670835707167598,1.0
Heart Failure,5,2,Class-XGB,2,0.05,,,0.6664699460993883,1.0
Heart Failure,5,2,SPW-XGB,2,0.05,,,0.6693867178518257,2.103896103896104
Heart Failure,5,2,Weighted-XGB,2,0.05,1.5,,0.6756675671464114,1.5
Heart Failure,5,2,CB-XGB,2,0.05,,0.9,0.6754616433699581,1.0
Heart Failure,5,2,CMPSW,2,0.05,,,0.6773052018049969,1.0
Heart Failure,5,3,XGB,2,0.05,,,0.5434218790479769,1.0
Heart Failure,5,3,Class-XGB,2,0.05,,,0.5498875610141344,1.0
Heart Failure,5,3,SPW-XGB,2,0.05,,,0.5457788843677539,2.103896103896104
Heart Failure,5,3,Weighted-XGB,2,0.05,2.0,,0.5479939564436883,2.0
Heart Failure,5,3,CB-XGB,2,0.05,,0.999,0.5478389634937412,1.0
Heart Failure,5,3,CMPSW,2,0.05,,,0.5577265745399781,1.0
Heart Failure,5,4,XGB,2,0.05,,,0.6297810269002881,1.0
Heart Failure,5,4,Class-XGB,2,0.05,,,0.6307510721368361,1.0
Heart Failure,5,4,SPW-XGB,2,0.05,,,0.6377306590339481,2.103896103896104
Heart Failure,5,4,Weighted-XGB,2,0.05,1.5,,0.6368944359724408,1.5
Heart Failure,5,4,CB-XGB,2,0.05,,0.99,0.638242170536978,1.0
Heart Failure,5,4,CMPSW,2,0.05,,,0.6657841109442462,1.0
Heart Failure,5,5,XGB,2,0.05,,,0.5127427561454684,1.0
Heart Failure,5,5,Class-XGB,2,0.05,,,0.5262193412390442,1.0
Heart Failure,5,5,SPW-XGB,2,0.05,,,0.5268232729287069,2.116883116883117
Heart Failure,5,5,Weighted-XGB,2,0.05,2.0,,0.5285077448803496,2.0
Heart Failure,5,5,CB-XGB,2,0.05,,0.99,0.5289782983333843,1.0
Heart Failure,5,5,CMPSW,2,0.05,,,0.5433926024532655,1.0
Long Beach VA,1,1,XGB,2,0.05,,,0.358964975285061,1.0
Long Beach VA,1,1,Class-XGB,2,0.05,,,0.37125168198166975,1.0
Long Beach VA,1,1,SPW-XGB,3,0.05,,,0.3490413085982838,2.902439024390244
Long Beach VA,1,1,Weighted-XGB,3,0.1,1.5,,0.3557968770317011,1.5
Long Beach VA,1,1,CB-XGB,2,0.05,,0.999,0.37508316002503567,1.0
Long Beach VA,1,1,CMPSW,3,0.05,,,0.407242579027105,1.0
Long Beach VA,1,2,XGB,3,0.1,,,0.43919621813215387,1.0
Long Beach VA,1,2,Class-XGB,2,0.1,,,0.454436925128692,1.0
Long Beach VA,1,2,SPW-XGB,2,0.1,,,0.4732394332341168,2.902439024390244
Long Beach VA,1,2,Weighted-XGB,3,0.05,4.0,,0.4810144507468204,4.0
Long Beach VA,1,2,CB-XGB,3,0.1,,0.999,0.45247366828029945,1.0
Long Beach VA,1,2,CMPSW,2,0.1,,,0.47751977730430556,1.0
Long Beach VA,1,3,XGB,3,0.05,,,0.4111057478859504,1.0
Long Beach VA,1,3,Class-XGB,3,0.05,,,0.41056118430430316,1.0
Long Beach VA,1,3,SPW-XGB,3,0.05,,,0.46402656433173983,2.902439024390244
Long Beach VA,1,3,Weighted-XGB,3,0.05,1.5,,0.46320222723736615,1.5
Long Beach VA,1,3,CB-XGB,2,0.05,,0.999,0.4303508027545578,1.0
Long Beach VA,1,3,CMPSW,2,0.05,,,0.4451390923955924,1.0
Long Beach VA,1,4,XGB,2,0.1,,,0.43123138434436853,1.0
Long Beach VA,1,4,Class-XGB,2,0.1,,,0.3895352439875243,1.0
Long Beach VA,1,4,SPW-XGB,2,0.05,,,0.38798575123245876,2.902439024390244
Long Beach VA,1,4,Weighted-XGB,2,0.1,1.5,,0.4105437155062031,1.5
Long Beach VA,1,4,CB-XGB,2,0.05,,0.9,0.4116924309054539,1.0
Long Beach VA,1,4,CMPSW,2,0.05,,,0.4182402691080405,1.0
Long Beach VA,1,5,XGB,3,0.05,,,0.43870381483680715,1.0
Long Beach VA,1,5,Class-XGB,3,0.05,,,0.44891046506626964,1.0
Long Beach VA,1,5,SPW-XGB,2,0.05,,,0.4709352130815197,3.0
Long Beach VA,1,5,Weighted-XGB,2,0.05,2.5,,0.4714373636860434,2.5
Long Beach VA,1,5,CB-XGB,2,0.05,,0.99,0.4452132464787586,1.0
Long Beach VA,1,5,CMPSW,2,0.05,,,0.4329916723126384,1.0
Long Beach VA,2,1,XGB,2,0.05,,,0.4056978541871914,1.0
Long Beach VA,2,1,Class-XGB,3,0.1,,,0.40190710434632176,1.0
Long Beach VA,2,1,SPW-XGB,3,0.1,,,0.4223332959253147,2.902439024390244
Long Beach VA,2,1,Weighted-XGB,2,0.1,3.0,,0.42721546080350636,3.0
Long Beach VA,2,1,CB-XGB,2,0.1,,0.99,0.41927231584338953,1.0
Long Beach VA,2,1,CMPSW,2,0.05,,,0.4456618575668659,1.0
Long Beach VA,2,2,XGB,3,0.05,,,0.30902608846888696,1.0
Long Beach VA,2,2,Class-XGB,2,0.1,,,0.29121774394689054,1.0
Long Beach VA,2,2,SPW-XGB,2,0.05,,,0.28255201043857253,2.902439024390244
Long Beach VA,2,2,Weighted-XGB,2,0.1,1.5,,0.2982846538996528,1.5
Long Beach VA,2,2,CB-XGB,2,0.1,,0.9,0.30724254819346447,1.0
Long Beach VA,2,2,CMPSW,3,0.05,,,0.3369091795529983,1.0
Long Beach VA,2,3,XGB,3,0.05,,,0.33568746508951736,1.0
Long Beach VA,2,3,Class-XGB,3,0.05,,,0.3204344734896598,1.0
Long Beach VA,2,3,SPW-XGB,3,0.05,,,0.3367625554470653,2.902439024390244
Long Beach VA,2,3,Weighted-XGB,3,0.05,1.5,,0.34646021522947507,1.5
Long Beach VA,2,3,CB-XGB,3,0.05,,0.9,0.33239732700250246,1.0
Long Beach VA,2,3,CMPSW,3,0.05,,,0.3398969798239717,1.0
Long Beach VA,2,4,XGB,3,0.1,,,0.4983439557826658,1.0
Long Beach VA,2,4,Class-XGB,3,0.1,,,0.48692009781324225,1.0
Long Beach VA,2,4,SPW-XGB,2,0.05,,,0.4725576884444183,2.902439024390244
Long Beach VA,2,4,Weighted-XGB,3,0.05,3.0,,0.49117573173203927,3.0
Long Beach VA,2,4,CB-XGB,2,0.05,,0.9,0.5103029015151556,1.0
Long Beach VA,2,4,CMPSW,3,0.1,,,0.49430273618014936,1.0
Long Beach VA,2,5,XGB,2,0.05,,,0.4491170747264821,1.0
Long Beach VA,2,5,Class-XGB,2,0.05,,,0.47801668179531975,1.0
Long Beach VA,2,5,SPW-XGB,2,0.05,,,0.4716178720907372,3.0
Long Beach VA,2,5,Weighted-XGB,2,0.1,4.0,,0.4726985238114186,4.0
Long Beach VA,2,5,CB-XGB,2,0.05,,0.999,0.4774541697609605,1.0
Long Beach VA,2,5,CMPSW,3,0.05,,,0.45033255670095995,1.0
Long Beach VA,3,1,XGB,3,0.1,,,0.3612148876315228,1.0
Long Beach VA,3,1,Class-XGB,3,0.05,,,0.36874367104541034,1.0
Long Beach VA,3,1,SPW-XGB,3,0.05,,,0.41476183126765026,2.902439024390244
Long Beach VA,3,1,Weighted-XGB,3,0.05,3.0,,0.4197276379176624,3.0
Long Beach VA,3,1,CB-XGB,3,0.1,,0.99,0.37524003108422993,1.0
Long Beach VA,3,1,CMPSW,2,0.05,,,0.41211444357452365,1.0
Long Beach VA,3,2,XGB,3,0.05,,,0.3911012076915534,1.0
Long Beach VA,3,2,Class-XGB,3,0.05,,,0.38415700612795955,1.0
Long Beach VA,3,2,SPW-XGB,3,0.1,,,0.38894645821088986,2.902439024390244
Long Beach VA,3,2,Weighted-XGB,3,0.1,4.0,,0.4207952080456221,4.0
Long Beach VA,3,2,CB-XGB,3,0.1,,0.99,0.40190339116809914,1.0
Long Beach VA,3,2,CMPSW,3,0.1,,,0.379513419834336,1.0
Long Beach VA,3,3,XGB,3,0.05,,,0.390170355683837,1.0
Long Beach VA,3,3,Class-XGB,3,0.1,,,0.36000977947850643,1.0
Long Beach VA,3,3,SPW-XGB,3,0.1,,,0.3743408684690999,2.902439024390244
Long Beach VA,3,3,Weighted-XGB,3,0.05,1.5,,0.3716909936512243,1.5
Long Beach VA,3,3,CB-XGB,3,0.05,,0.9,0.3775888789975312,1.0
Long Beach VA,3,3,CMPSW,3,0.1,,,0.40175867899633716,1.0
Long Beach VA,3,4,XGB,3,0.1,,,0.4606795821637444,1.0
Long Beach VA,3,4,Class-XGB,3,0.05,,,0.43087823996115543,1.0
Long Beach VA,3,4,SPW-XGB,3,0.05,,,0.44048793626371907,2.902439024390244
Long Beach VA,3,4,Weighted-XGB,3,0.05,2.0,,0.45454831598913276,2.0
Long Beach VA,3,4,CB-XGB,3,0.1,,0.9,0.453870706325096,1.0
Long Beach VA,3,4,CMPSW,3,0.1,,,0.4007250330208363,1.0
Long Beach VA,3,5,XGB,3,0.05,,,0.33650264241735556,1.0
Long Beach VA,3,5,Class-XGB,3,0.05,,,0.3258363883611251,1.0
Long Beach VA,3,5,SPW-XGB,3,0.05,,,0.32971927723229205,3.0
Long Beach VA,3,5,Weighted-XGB,3,0.1,2.0,,0.3370305833723668,2.0
Long Beach VA,3,5,CB-XGB,3,0.1,,0.99,0.3391262652856602,1.0
Long Beach VA,3,5,CMPSW,3,0.05,,,0.3488888722403282,1.0
Long Beach VA,4,1,XGB,3,0.05,,,0.3716461121695624,1.0
Long Beach VA,4,1,Class-XGB,3,0.05,,,0.3608078128945893,1.0
Long Beach VA,4,1,SPW-XGB,3,0.05,,,0.36266733519557115,2.902439024390244
Long Beach VA,4,1,Weighted-XGB,3,0.05,1.5,,0.36986626502938175,1.5
Long Beach VA,4,1,CB-XGB,3,0.05,,0.99,0.3711785878165272,1.0
Long Beach VA,4,1,CMPSW,2,0.05,,,0.40630994321083463,1.0
Long Beach VA,4,2,XGB,2,0.05,,,0.3628365888353624,1.0
Long Beach VA,4,2,Class-XGB,3,0.1,,,0.3639264738346724,1.0
Long Beach VA,4,2,SPW-XGB,3,0.05,,,0.3984622207824185,2.902439024390244
Long Beach VA,4,2,Weighted-XGB,3,0.1,3.0,,0.40396144738743156,3.0
Long Beach VA,4,2,CB-XGB,3,0.05,,0.999,0.3789889177470798,1.0
Long Beach VA,4,2,CMPSW,3,0.05,,,0.42227285624313343,1.0
Long Beach VA,4,3,XGB,2,0.05,,,0.37303042746104115,1.0
Long Beach VA,4,3,Class-XGB,2,0.05,,,0.37585594509735976,1.0
Long Beach VA,4,3,SPW-XGB,2,0.05,,,0.37973122281299965,2.902439024390244
Long Beach VA,4,3,Weighted-XGB,2,0.1,3.0,,0.391275561185149,3.0
Long Beach VA,4,3,CB-XGB,2,0.05,,0.999,0.3818605911630662,1.0
Long Beach VA,4,3,CMPSW,2,0.05,,,0.3603538570388965,1.0
Long Beach VA,4,4,XGB,3,0.1,,,0.5032179592801772,1.0
Long Beach VA,4,4,Class-XGB,3,0.1,,,0.50085832855227,1.0
Long Beach VA,4,4,SPW-XGB,3,0.1,,,0.5039665509462186,2.902439024390244
Long Beach VA,4,4,Weighted-XGB,3,0.1,4.0,,0.5376336425294258,4.0
Long Beach VA,4,4,CB-XGB,3,0.1,,0.99,0.5156192208562665,1.0
Long Beach VA,4,4,CMPSW,2,0.05,,,0.5210640836718462,1.0
Long Beach VA,4,5,XGB,3,0.05,,,0.4114218032103633,1.0
Long Beach VA,4,5,Class-XGB,2,0.1,,,0.41250188498269624,1.0
Long Beach VA,4,5,SPW-XGB,3,0.05,,,0.4177415334627814,3.0
Long Beach VA,4,5,Weighted-XGB,3,0.1,2.0,,0.428242883570708,2.0
Long Beach VA,4,5,CB-XGB,3,0.05,,0.999,0.4284421351923511,1.0
Long Beach VA,4,5,CMPSW,3,0.05,,,0.4108795997630595,1.0
Long Beach VA,5,1,XGB,2,0.05,,,0.4835156095381537,1.0
Long Beach VA,5,1,Class-XGB,2,0.05,,,0.49412209361343956,1.0
Long Beach VA,5,1,SPW-XGB,2,0.05,,,0.4783585472310561,2.902439024390244
Long Beach VA,5,1,Weighted-XGB,3,0.05,1.5,,0.5164446499867665,1.5
Long Beach VA,5,1,CB-XGB,2,0.05,,0.999,0.5012577101242319,1.0
Long Beach VA,5,1,CMPSW,2,0.05,,,0.5071904022201719,1.0
Long Beach VA,5,2,XGB,3,0.05,,,0.3906702455116515,1.0
Long Beach VA,5,2,Class-XGB,3,0.05,,,0.38554923713198375,1.0
Long Beach VA,5,2,SPW-XGB,3,0.05,,,0.3842548100111114,2.902439024390244
Long Beach VA,5,2,Weighted-XGB,2,0.05,2.0,,0.3910432951891751,2.0
Long Beach VA,5,2,CB-XGB,3,0.05,,0.9,0.3842257719314426,1.0
Long Beach VA,5,2,CMPSW,2,0.05,,,0.4083049991864571,1.0
Long Beach VA,5,3,XGB,3,0.05,,,0.3265370132713653,1.0
Long Beach VA,5,3,Class-XGB,2,0.1,,,0.3231352492253247,1.0
Long Beach VA,5,3,SPW-XGB,3,0.05,,,0.3357058900971314,2.902439024390244
Long Beach VA,5,3,Weighted-XGB,3,0.05,1.5,,0.347413612325139,1.5
Long Beach VA,5,3,CB-XGB,3,0.05,,0.99,0.3330458093614957,1.0
Long Beach VA,5,3,CMPSW,2,0.05,,,0.38347698859411805,1.0
Long Beach VA,5,4,XGB,3,0.05,,,0.406415368262596,1.0
Long Beach VA,5,4,Class-XGB,3,0.05,,,0.4114308768925657,1.0
Long Beach VA,5,4,SPW-XGB,3,0.05,,,0.4252657630966949,2.902439024390244
Long Beach VA,5,4,Weighted-XGB,3,0.05,3.0,,0.42321955738506006,3.0
Long Beach VA,5,4,CB-XGB,3,0.1,,0.999,0.40912512296300774,1.0
Long Beach VA,5,4,CMPSW,2,0.05,,,0.3948025925481298,1.0
Long Beach VA,5,5,XGB,3,0.05,,,0.5313697497338726,1.0
Long Beach VA,5,5,Class-XGB,3,0.05,,,0.5333354162000224,1.0
Long Beach VA,5,5,SPW-XGB,3,0.05,,,0.5219084207591576,3.0
Long Beach VA,5,5,Weighted-XGB,3,0.05,2.0,,0.5228074263518275,2.0
Long Beach VA,5,5,CB-XGB,3,0.05,,0.999,0.5262812153114567,1.0
Long Beach VA,5,5,CMPSW,3,0.05,,,0.5467694989638815,1.0
